,icu_occupancy,icu_admissions,icu_admissions_smooth
2020-01-01,0.0,0.0,
2020-01-02,0.0,0.0,
2020-01-03,0.0,0.0,
2020-01-04,0.0,0.0,
2020-01-05,0.0,0.0,
2020-01-06,0.0,0.0,
2020-01-07,0.0,0.0,0.0
2020-01-08,0.0,0.0,0.0
2020-01-09,0.0,0.0,0.0
2020-01-10,0.0,0.0,0.0
2020-01-11,0.0,0.0,0.0
2020-01-12,0.0,0.0,0.0
2020-01-13,0.0,0.0,0.0
2020-01-14,0.0,0.0,0.0
2020-01-15,0.0,0.0,0.0
2020-01-16,0.0,0.0,0.0
2020-01-17,0.0,0.0,0.0
2020-01-18,0.0,0.0,0.0
2020-01-19,0.0,0.0,0.0
2020-01-20,0.0,0.0,0.0
2020-01-21,0.0,0.0,0.0
2020-01-22,0.0,0.0,0.0
2020-01-23,0.0,0.0,0.0
2020-01-24,0.0,0.0,0.0
2020-01-25,0.0,0.0,0.0
2020-01-26,0.0,0.0,0.0
2020-01-27,0.0,0.0,0.0
2020-01-28,0.0,0.0,0.0
2020-01-29,0.0,0.0,0.0
2020-01-30,0.0,0.0,0.0
2020-01-31,0.0,0.0,0.0
2020-02-01,0.0,0.0,0.0
2020-02-02,0.0,0.0,0.0
2020-02-03,0.0,0.0,0.0
2020-02-04,0.0,0.0,0.0
2020-02-05,0.0,0.0,0.0
2020-02-06,0.0,0.0,0.0
2020-02-07,0.0,0.0,0.0
2020-02-08,0.0,0.0,0.0
2020-02-09,0.0,0.0,0.0
2020-02-10,0.0,0.0,0.0
2020-02-11,0.0,0.0,0.0
2020-02-12,0.0,0.0,0.0
2020-02-13,0.0,0.0,0.0
2020-02-14,0.0,0.0,0.0
2020-02-15,0.0,0.0,0.0
2020-02-16,0.0,0.0,0.0
2020-02-17,0.0,0.0,0.0
2020-02-18,0.0,0.0,0.0
2020-02-19,0.0,0.0,0.0
2020-02-20,0.0,0.0,0.0
2020-02-21,0.0,0.0,0.0
2020-02-22,0.0,0.0,0.0
2020-02-23,0.0,0.0,0.0
2020-02-24,0.0,0.0,0.0
2020-02-25,0.0,0.0,0.0
2020-02-26,0.0,0.0,0.0
2020-02-27,0.0,0.0,0.0
2020-02-28,0.0,0.0,0.0
2020-02-29,0.0,0.0,0.0
2020-03-01,0.0,0.0,0.0
2020-03-02,0.0,0.0,0.0
2020-03-03,0.0,0.0,0.0
2020-03-04,0.0,0.0,0.0
2020-03-05,0.0,0.0,0.0
2020-03-06,0.0,0.0,0.0
2020-03-07,0.0,0.0,0.0
2020-03-08,0.0,0.0,0.0
2020-03-09,0.0,0.0,0.0
2020-03-10,0.0,0.0,0.0
2020-03-11,0.0,0.0,0.0
2020-03-12,0.0,0.0,0.0
2020-03-13,0.0,0.0,0.0
2020-03-14,0.0,0.0,0.0
2020-03-15,0.0,0.0,0.0
2020-03-16,0.0,0.0,0.0
2020-03-17,0.0,0.0,0.0
2020-03-18,0.0,0.0,0.0
2020-03-19,0.0,0.0,0.0
2020-03-20,200.0,0.0,0.0
2020-03-21,308.0,0.0,0.0
2020-03-22,364.0,0.0,0.0
2020-03-23,451.0,0.0,0.0
2020-03-24,616.0,0.0,0.0
2020-03-25,789.0,0.0,0.0
2020-03-26,824.0,0.0,0.0
2020-03-27,905.0,0.0,0.0
2020-03-28,1001.0,0.0,0.0
2020-03-29,1063.0,0.0,0.0
2020-03-30,1203.0,0.0,0.0
2020-03-31,1550.0,0.0,0.0
2020-04-01,1784.0,0.0,0.0
2020-04-02,2102.0,0.0,0.0
2020-04-03,2361.0,0.0,0.0
2020-04-04,2471.0,0.0,0.0
2020-04-05,2528.0,0.0,0.0
2020-04-06,2551.0,0.0,0.0
2020-04-07,2641.0,0.0,0.0
2020-04-08,2654.0,0.0,0.0
2020-04-09,2714.0,0.0,0.0
2020-04-10,2702.0,0.0,0.0
2020-04-11,2652.0,0.0,0.0
2020-04-12,2652.0,0.0,0.0
2020-04-13,2719.0,0.0,0.0
2020-04-14,2722.0,0.0,0.0
2020-04-15,2735.0,0.0,0.0
2020-04-16,2810.0,0.0,0.0
2020-04-17,2879.0,0.0,0.0
2020-04-18,2928.0,0.0,0.0
2020-04-19,2870.0,0.0,0.0
2020-04-20,2900.0,0.0,0.0
2020-04-21,2855.0,0.0,0.0
2020-04-22,2739.0,0.0,0.0
2020-04-23,2720.0,0.0,0.0
2020-04-24,2644.0,0.0,0.0
2020-04-25,2538.0,0.0,0.0
2020-04-26,2524.0,0.0,0.0
2020-04-27,2466.0,0.0,0.0
2020-04-28,2391.0,0.0,0.0
2020-04-29,2310.0,0.0,0.0
2020-04-30,2235.0,0.0,0.0
2020-05-01,2118.0,0.0,0.0
2020-05-02,2046.0,0.0,0.0
2020-05-03,2011.0,0.0,0.0
2020-05-04,1976.0,0.0,0.0
2020-05-05,1903.0,0.0,0.0
2020-05-06,1820.0,0.0,0.0
2020-05-07,1763.0,0.0,0.0
2020-05-08,1659.0,0.0,0.0
2020-05-09,1594.0,0.0,0.0
2020-05-10,1603.0,0.0,0.0
2020-05-11,1587.0,0.0,0.0
2020-05-12,1496.0,0.0,0.0
2020-05-13,1384.0,0.0,0.0
2020-05-14,1316.0,0.0,0.0
2020-05-15,1232.0,0.0,0.0
2020-05-16,1173.0,0.0,0.0
2020-05-17,1125.0,0.0,0.0
2020-05-18,1122.0,0.0,0.0
2020-05-19,1087.0,0.0,0.0
2020-05-20,1019.0,0.0,0.0
2020-05-21,999.0,0.0,0.0
2020-05-22,971.0,0.0,0.0
2020-05-23,928.0,0.0,0.0
2020-05-24,896.0,0.0,0.0
2020-05-25,883.0,0.0,0.0
2020-05-26,810.0,0.0,0.0
2020-05-27,749.0,0.0,0.0
2020-05-28,723.0,0.0,0.0
2020-05-29,722.0,0.0,0.0
2020-05-30,711.0,0.0,0.0
2020-05-31,697.0,0.0,0.0
2020-06-01,696.0,0.0,0.0
2020-06-02,691.0,0.0,0.0
2020-06-03,631.0,0.0,0.0
2020-06-04,595.0,0.0,0.0
2020-06-05,584.0,0.0,0.0
2020-06-06,561.0,0.0,0.0
2020-06-07,566.0,0.0,0.0
2020-06-08,543.0,0.0,0.0
2020-06-09,516.0,0.0,0.0
2020-06-10,483.0,0.0,0.0
2020-06-11,452.0,0.0,0.0
2020-06-12,450.0,0.0,0.0
2020-06-13,441.0,0.0,0.0
2020-06-14,438.0,0.0,0.0
2020-06-15,434.0,0.0,0.0
2020-06-16,421.0,0.0,0.0
2020-06-17,407.0,0.0,0.0
2020-06-18,394.0,0.0,0.0
2020-06-19,374.0,0.0,0.0
2020-06-20,359.0,0.0,0.0
2020-06-21,350.0,0.0,0.0
2020-06-22,363.0,0.0,0.0
2020-06-23,358.0,0.0,0.0
2020-06-24,353.0,0.0,0.0
2020-06-25,358.0,0.0,0.0
2020-06-26,359.0,0.0,0.0
2020-06-27,343.0,0.0,0.0
2020-06-28,335.0,0.0,0.0
2020-06-29,329.0,0.0,0.0
2020-06-30,333.0,0.0,0.0
2020-07-01,324.0,0.0,0.0
2020-07-02,325.0,0.0,0.0
2020-07-03,314.0,0.0,0.0
2020-07-04,320.0,0.0,0.0
2020-07-05,299.0,0.0,0.0
2020-07-06,305.0,0.0,0.0
2020-07-07,292.0,0.0,0.0
2020-07-08,287.0,0.0,0.0
2020-07-09,272.0,0.0,0.0
2020-07-10,276.0,0.0,0.0
2020-07-11,253.0,0.0,0.0
2020-07-12,254.0,0.0,0.0
2020-07-13,263.0,0.0,0.0
2020-07-14,256.0,0.0,0.0
2020-07-15,246.0,0.0,0.0
2020-07-16,251.0,0.0,0.0
2020-07-17,246.0,0.0,0.0
2020-07-18,246.0,0.0,0.0
2020-07-19,249.0,0.0,0.0
2020-07-20,245.0,0.0,0.0
2020-07-21,251.0,0.0,0.0
2020-07-22,248.0,0.0,0.0
2020-07-23,234.0,0.0,0.0
2020-07-24,235.0,0.0,0.0
2020-07-25,247.0,0.0,0.0
2020-07-26,265.0,0.0,0.0
2020-07-27,257.0,0.0,0.0
2020-07-28,253.0,0.0,0.0
2020-07-29,255.0,0.0,0.0
2020-07-30,260.0,0.0,0.0
2020-07-31,259.0,0.0,0.0
2020-08-01,255.0,0.0,0.0
2020-08-02,267.0,0.0,0.0
2020-08-03,263.0,0.0,0.0
2020-08-04,258.0,0.0,0.0
2020-08-05,238.0,0.0,0.0
2020-08-06,236.0,0.0,0.0
2020-08-07,226.0,0.0,0.0
2020-08-08,228.0,0.0,0.0
2020-08-09,234.0,0.0,0.0
2020-08-10,227.0,0.0,0.0
2020-08-11,230.0,0.0,0.0
2020-08-12,220.0,0.0,0.0
2020-08-13,223.0,0.0,0.0
2020-08-14,230.0,0.0,0.0
2020-08-15,228.0,0.0,0.0
2020-08-16,224.0,0.0,0.0
2020-08-17,226.0,0.0,0.0
2020-08-18,219.0,0.0,0.0
2020-08-19,226.0,0.0,0.0
2020-08-20,229.0,0.0,0.0
2020-08-21,235.0,0.0,0.0
2020-08-22,230.0,0.0,0.0
2020-08-23,242.0,0.0,0.0
2020-08-24,243.0,0.0,0.0
2020-08-25,223.0,0.0,0.0
2020-08-26,225.0,0.0,0.0
2020-08-27,238.0,0.0,0.0
2020-08-28,234.0,0.0,0.0
2020-08-29,239.0,0.0,0.0
2020-08-30,243.0,0.0,0.0
2020-08-31,244.0,0.0,0.0
2020-09-01,233.0,0.0,0.0
2020-09-02,226.0,0.0,0.0
2020-09-03,221.0,0.0,0.0
2020-09-04,223.0,0.0,0.0
2020-09-05,220.0,0.0,0.0
2020-09-06,216.0,0.0,0.0
2020-09-07,227.0,0.0,0.0
2020-09-08,229.0,0.0,0.0
2020-09-09,225.0,0.0,0.0
2020-09-10,230.0,0.0,0.0
2020-09-11,218.0,0.0,0.0
2020-09-12,231.0,0.0,0.0
2020-09-13,234.0,0.0,0.0
2020-09-14,233.0,0.0,0.0
2020-09-15,232.0,0.0,0.0
2020-09-16,228.0,0.0,0.0
2020-09-17,234.0,0.0,0.0
2020-09-18,243.0,0.0,0.0
2020-09-19,253.0,0.0,0.0
2020-09-20,265.0,0.0,0.0
2020-09-21,265.0,0.0,0.0
2020-09-22,274.0,0.0,0.0
2020-09-23,289.0,0.0,0.0
2020-09-24,291.0,0.0,0.0
2020-09-25,297.0,0.0,0.0
2020-09-26,309.0,0.0,0.0
2020-09-27,324.0,0.0,0.0
2020-09-28,352.0,0.0,0.0
2020-09-29,351.0,0.0,0.0
2020-09-30,354.0,0.0,0.0
2020-10-01,360.0,0.0,0.0
2020-10-02,370.0,0.0,0.0
2020-10-03,401.0,0.0,0.0
2020-10-04,422.0,0.0,0.0
2020-10-05,444.0,0.0,0.0
2020-10-06,448.0,0.0,0.0
2020-10-07,470.0,0.0,0.0
2020-10-08,487.0,0.0,0.0
2020-10-09,510.0,0.0,0.0
2020-10-10,531.0,0.0,0.0
2020-10-11,545.0,0.0,0.0
2020-10-12,589.0,0.0,0.0
2020-10-13,617.0,0.0,0.0
2020-10-14,601.0,0.0,0.0
2020-10-15,651.0,0.0,0.0
2020-10-16,688.0,0.0,0.0
2020-10-17,726.0,0.0,0.0
2020-10-18,766.0,0.0,0.0
2020-10-19,846.0,0.0,0.0
2020-10-20,875.0,0.0,0.0
2020-10-21,940.0,0.0,0.0
2020-10-22,1025.0,0.0,0.0
2020-10-23,1116.0,0.0,0.0
2020-10-24,1193.0,0.0,0.0
2020-10-25,1286.0,0.0,0.0
2020-10-26,1352.0,0.0,0.0
2020-10-27,1462.0,0.0,0.0
2020-10-28,1563.0,0.0,0.0
2020-10-29,1691.0,0.0,0.0
2020-10-30,1832.0,0.0,0.0
2020-10-31,1935.0,0.0,0.0
2020-11-01,2056.0,0.0,0.0
2020-11-02,2234.0,0.0,0.0
2020-11-03,2374.0,0.0,0.0
2020-11-04,2542.0,0.0,0.0
2020-11-05,2647.0,0.0,0.0
2020-11-06,2745.0,0.0,0.0
2020-11-07,2830.0,0.0,0.0
2020-11-08,2897.0,0.0,0.0
2020-11-09,3001.0,0.0,0.0
2020-11-10,3053.0,0.0,0.0
2020-11-11,3118.0,0.0,0.0
2020-11-12,3177.0,0.0,0.0
2020-11-13,3289.0,0.0,0.0
2020-11-14,3315.0,0.0,0.0
2020-11-15,3376.0,0.0,0.0
2020-11-16,3425.0,0.0,0.0
2020-11-17,3507.0,0.0,0.0
2020-11-18,3551.0,0.0,0.0
2020-11-19,3581.0,0.0,0.0
2020-11-20,3603.0,0.0,0.0
2020-11-21,3621.0,0.0,0.0
2020-11-22,3696.0,0.0,0.0
2020-11-23,3726.0,0.0,0.0
2020-11-24,3758.0,0.0,0.0
2020-11-25,3769.0,0.0,0.0
2020-11-26,3815.0,0.0,0.0
2020-11-27,3846.0,0.0,0.0
2020-11-28,3880.0,0.0,0.0
2020-11-29,3891.0,0.0,0.0
2020-11-30,3916.0,0.0,0.0
2020-12-01,3912.0,0.0,0.0
2020-12-02,3949.0,0.0,0.0
2020-12-03,3971.0,0.0,0.0
2020-12-04,4001.0,0.0,0.0
2020-12-05,4038.0,0.0,0.0
2020-12-06,4097.0,0.0,0.0
2020-12-07,4167.0,0.0,0.0
2020-12-08,4238.0,0.0,0.0
2020-12-09,4259.0,0.0,0.0
2020-12-10,4319.0,0.0,0.0
2020-12-11,4414.0,0.0,0.0
2020-12-12,4475.0,0.0,0.0
2020-12-13,4541.0,0.0,0.0
2020-12-14,4661.0,0.0,0.0
2020-12-15,4722.0,0.0,0.0
2020-12-16,4820.0,0.0,0.0
2020-12-17,4839.0,0.0,0.0
2020-12-18,4889.0,0.0,0.0
2020-12-19,4930.0,0.0,0.0
2020-12-20,5018.0,0.0,0.0
2020-12-21,5157.0,0.0,0.0
2020-12-22,5202.0,0.0,0.0
2020-12-23,5226.0,0.0,0.0
2020-12-24,5330.0,0.0,0.0
2020-12-25,5364.0,0.0,0.0
2020-12-26,5520.0,0.0,0.0
2020-12-27,5546.0,0.0,0.0
2020-12-28,5582.0,0.0,0.0
2020-12-29,5637.0,0.0,0.0
2020-12-30,5630.0,0.0,0.0
2020-12-31,5622.0,0.0,0.0
2021-01-01,5583.0,0.0,0.0
2021-01-02,5703.0,0.0,0.0
2021-01-03,5745.0,0.0,0.0
2021-01-04,5723.0,0.0,0.0
2021-01-05,5650.0,0.0,0.0
2021-01-06,5552.0,0.0,0.0
2021-01-07,5474.0,0.0,0.0
2021-01-08,5467.0,0.0,0.0
2021-01-09,5398.0,0.0,0.0
2021-01-10,5300.0,0.0,0.0
2021-01-11,5267.0,0.0,0.0
2021-01-12,5209.0,0.0,0.0
2021-01-13,5164.0,0.0,0.0
2021-01-14,5104.0,0.0,0.0
2021-01-15,5050.0,0.0,0.0
2021-01-16,4992.0,0.0,0.0
2021-01-17,4950.0,0.0,0.0
2021-01-18,4984.0,0.0,0.0
2021-01-19,4930.0,0.0,0.0
2021-01-20,4816.0,0.0,0.0
2021-01-21,4767.0,0.0,0.0
2021-01-22,4749.0,0.0,0.0
2021-01-23,4639.0,0.0,0.0
2021-01-24,4607.0,0.0,0.0
2021-01-25,4604.0,0.0,0.0
2021-01-26,4559.0,0.0,0.0
2021-01-27,4487.0,0.0,0.0
2021-01-28,4428.0,0.0,0.0
2021-01-29,4367.0,0.0,0.0
2021-01-30,4342.0,0.0,0.0
2021-01-31,4337.0,0.0,0.0
2021-02-01,4313.0,0.0,0.0
2021-02-02,4252.0,0.0,0.0
2021-02-03,4207.0,0.0,0.0
2021-02-04,4170.0,0.0,0.0
2021-02-05,4066.0,0.0,0.0
2021-02-06,3958.0,0.0,0.0
2021-02-07,3926.0,0.0,0.0
2021-02-08,3951.0,0.0,0.0
2021-02-09,3840.0,0.0,0.0
2021-02-10,3732.0,0.0,0.0
2021-02-11,3668.0,0.0,0.0
2021-02-12,3546.0,0.0,0.0
2021-02-13,3479.0,0.0,0.0
2021-02-14,3417.0,0.0,0.0
2021-02-15,3426.0,0.0,0.0
2021-02-16,3342.0,0.0,0.0
2021-02-17,3239.0,0.0,0.0
2021-02-18,3169.0,0.0,0.0
2021-02-19,3114.0,0.0,0.0
2021-02-20,3068.0,0.0,0.0
2021-02-21,3049.0,0.0,0.0
2021-02-22,3053.0,0.0,0.0
2021-02-23,3030.0,0.0,0.0
2021-02-24,2950.0,0.0,0.0
2021-02-25,2891.0,0.0,0.0
2021-02-26,2841.0,0.0,0.0
2021-02-27,2820.0,0.0,0.0
2021-02-28,2834.0,0.0,0.0
2021-03-01,2862.0,0.0,0.0
2021-03-02,2849.0,0.0,0.0
2021-03-03,2816.0,0.0,0.0
2021-03-04,2805.0,0.0,0.0
2021-03-05,2756.0,0.0,0.0
2021-03-06,2746.0,0.0,0.0
2021-03-07,2779.0,0.0,0.0
2021-03-08,2857.0,0.0,0.0
2021-03-09,2776.0,0.0,0.0
2021-03-10,2727.0,0.0,0.0
2021-03-11,2748.0,0.0,0.0
2021-03-12,2747.0,0.0,0.0
2021-03-13,2713.0,0.0,0.0
2021-03-14,2767.0,0.0,0.0
2021-03-15,2825.0,0.0,0.0
2021-03-16,2844.0,0.0,0.0
2021-03-17,2849.0,0.0,0.0
2021-03-18,2887.0,0.0,0.0
2021-03-19,2938.0,0.0,0.0
2021-03-20,2945.0,0.0,0.0
2021-03-21,3044.0,0.0,0.0
2021-03-22,3139.0,0.0,0.0
2021-03-23,3156.0,0.0,0.0
2021-03-24,3196.0,0.0,0.0
2021-03-25,3249.0,0.0,0.0
2021-03-26,3322.0,0.0,0.0
2021-03-27,3379.0,0.0,0.0
2021-03-28,3444.0,0.0,0.0
2021-03-29,3559.0,0.0,0.0
2021-03-30,3588.0,0.0,0.0
2021-03-31,3668.0,0.0,0.0
2021-04-01,3719.0,0.0,0.0
2021-04-02,3839.0,0.0,0.0
2021-04-03,3905.0,0.0,0.0
2021-04-04,4047.0,0.0,0.0
2021-04-05,4152.0,0.0,0.0
2021-04-06,4342.0,0.0,0.0
2021-04-07,4428.0,0.0,0.0
2021-04-08,4461.0,0.0,0.0
2021-04-09,4501.0,0.0,0.0
2021-04-10,4517.0,0.0,0.0
2021-04-11,4566.0,0.0,0.0
2021-04-12,4642.0,0.0,0.0
2021-04-13,4668.0,0.0,0.0
2021-04-14,4653.0,0.0,0.0
2021-04-15,4658.0,0.0,0.0
2021-04-16,4714.0,0.0,0.0
2021-04-17,4760.0,0.0,0.0
2021-04-18,4818.0,0.0,0.0
2021-04-19,4910.0,0.0,0.0
2021-04-20,4951.0,0.0,0.0
2021-04-21,4970.0,0.0,0.0
2021-04-22,5034.0,0.0,0.0
2021-04-23,5037.0,0.0,0.0
2021-04-24,5008.0,0.0,0.0
2021-04-25,5040.0,0.0,0.0
2021-04-26,5106.0,0.0,0.0
2021-04-27,5050.0,0.0,0.0
2021-04-28,5033.0,0.0,0.0
2021-04-29,5019.0,0.0,0.0
2021-04-30,5011.0,0.0,0.0
2021-05-01,4998.0,0.0,0.0
2021-05-02,5018.0,0.0,0.0
2021-05-03,4997.0,0.0,0.0
2021-05-04,4945.0,0.0,0.0
2021-05-05,4829.0,0.0,0.0
2021-05-06,4756.0,0.0,0.0
2021-05-07,4662.0,0.0,0.0
2021-05-08,4596.0,0.0,0.0
2021-05-09,4569.0,0.0,0.0
2021-05-10,4571.0,0.0,0.0
2021-05-11,4449.0,0.0,0.0
2021-05-12,4361.0,0.0,0.0
2021-05-13,4244.0,0.0,0.0
2021-05-14,4172.0,0.0,0.0
2021-05-15,4084.0,0.0,0.0
2021-05-16,4054.0,0.0,0.0
2021-05-17,4002.0,0.0,0.0
2021-05-18,3864.0,0.0,0.0
2021-05-19,3693.0,0.0,0.0
2021-05-20,3579.0,0.0,0.0
2021-05-21,3460.0,0.0,0.0
2021-05-22,3344.0,0.0,0.0
2021-05-23,3291.0,0.0,0.0
2021-05-24,3222.0,0.0,0.0
2021-05-25,3165.0,0.0,0.0
2021-05-26,2990.0,0.0,0.0
2021-05-27,2826.0,0.0,0.0
2021-05-28,2696.0,0.0,0.0
2021-05-29,2589.0,0.0,0.0
2021-05-30,2512.0,0.0,0.0
2021-05-31,2446.0,0.0,0.0
2021-06-01,2285.0,0.0,0.0
2021-06-02,2144.0,0.0,0.0
2021-06-03,2029.0,0.0,0.0
2021-06-04,1962.0,0.0,0.0
2021-06-05,1889.0,0.0,0.0
2021-06-06,1846.0,0.0,0.0
2021-06-07,1789.0,0.0,0.0
2021-06-08,1693.0,0.0,0.0
2021-06-09,1591.0,0.0,0.0
2021-06-10,1499.0,0.0,0.0
2021-06-11,1413.0,0.0,0.0
2021-06-12,1336.0,0.0,0.0
2021-06-13,1329.0,0.0,0.0
2021-06-14,1273.0,0.0,0.0
2021-06-15,1202.0,0.0,0.0
2021-06-16,1130.0,0.0,0.0
2021-06-17,1065.0,0.0,0.0
2021-06-18,1006.0,0.0,0.0
2021-06-19,961.0,0.0,0.0
2021-06-20,927.0,0.0,0.0
2021-06-21,885.0,0.0,0.0
2021-06-22,845.0,0.0,0.0
2021-06-23,807.0,0.0,0.0
2021-06-24,776.0,0.0,0.0
2021-06-25,731.0,0.0,0.0
2021-06-26,712.0,0.0,0.0
2021-06-27,701.0,0.0,0.0
2021-06-28,683.0,0.0,0.0
2021-06-29,660.0,0.0,0.0
2021-06-30,611.0,0.0,0.0
2021-07-01,588.0,0.0,0.0
2021-07-02,563.0,0.0,0.0
2021-07-03,546.0,0.0,0.0
2021-07-04,545.0,0.0,0.0
2021-07-05,524.0,0.0,0.0
2021-07-06,506.0,0.0,0.0
2021-07-07,482.0,0.0,0.0
2021-07-08,467.0,0.0,0.0
2021-07-09,450.0,0.0,0.0
2021-07-10,433.0,0.0,0.0
2021-07-11,430.0,0.0,0.0
2021-07-12,433.0,0.0,0.0
2021-07-13,404.0,0.0,0.0
2021-07-14,394.0,0.0,0.0
2021-07-15,393.0,0.0,0.0
2021-07-16,376.0,0.0,0.0
2021-07-17,369.0,0.0,0.0
2021-07-18,369.0,0.0,0.0
2021-07-19,363.0,0.0,0.0
2021-07-20,357.0,0.0,0.0
2021-07-21,353.0,0.0,0.0
2021-07-22,350.0,0.0,0.0
2021-07-23,353.0,0.0,0.0
2021-07-24,351.0,0.0,0.0
2021-07-25,367.0,0.0,0.0
2021-07-26,365.0,0.0,0.0
2021-07-27,367.0,0.0,0.0
2021-07-28,352.0,0.0,0.0
2021-07-29,344.0,21.0,3.0
2021-07-30,349.0,24.0,6.428571428571429
2021-07-31,357.0,21.0,9.428571428571429
2021-08-01,360.0,21.0,12.428571428571429
2021-08-02,374.0,21.0,15.428571428571429
2021-08-03,375.0,32.0,20.0
2021-08-04,389.0,28.0,24.0
2021-08-05,384.0,30.0,25.285714285714285
2021-08-06,390.0,20.0,24.714285714285715
2021-08-07,410.0,20.0,24.571428571428573
2021-08-08,429.0,27.0,25.428571428571427
2021-08-09,451.0,32.0,27.0
2021-08-10,438.0,39.0,28.0
2021-08-11,450.0,47.0,30.714285714285715
2021-08-12,468.0,44.0,32.714285714285715
2021-08-13,476.0,33.0,34.57142857142857
2021-08-14,484.0,37.0,37.0
2021-08-15,512.0,41.0,39.0
2021-08-16,541.0,54.0,42.142857142857146
2021-08-17,571.0,56.0,44.57142857142857
2021-08-18,594.0,60.0,46.42857142857143
2021-08-19,617.0,59.0,48.57142857142857
2021-08-20,647.0,53.0,51.42857142857143
2021-08-21,677.0,44.0,52.42857142857143
2021-08-22,707.0,73.0,57.0
2021-08-23,770.0,73.0,59.714285714285715
2021-08-24,800.0,72.0,62.0
2021-08-25,832.0,70.0,63.42857142857143
2021-08-26,863.0,97.0,68.85714285714286
2021-08-27,919.0,68.0,71.0
2021-08-28,965.0,59.0,73.14285714285714
2021-08-29,1003.0,81.0,74.28571428571429
2021-08-30,1062.0,96.0,77.57142857142857
2021-08-31,1091.0,101.0,81.71428571428571
2021-09-01,1129.0,102.0,86.28571428571429
2021-09-02,1161.0,106.0,87.57142857142857
2021-09-03,1208.0,90.0,90.71428571428571
2021-09-04,1251.0,75.0,93.0
2021-09-05,1278.0,106.0,96.57142857142857
2021-09-06,1315.0,119.0,99.85714285714286
2021-09-07,1341.0,118.0,102.28571428571429
2021-09-08,1379.0,97.0,101.57142857142857
2021-09-09,1389.0,95.0,100.0
2021-09-10,1401.0,84.0,99.14285714285714
2021-09-11,1424.0,82.0,100.14285714285714
2021-09-12,1441.0,104.0,99.85714285714286
2021-09-13,1490.0,129.0,101.28571428571429
2021-09-14,1530.0,90.0,97.28571428571429
2021-09-15,1519.0,111.0,99.28571428571429
2021-09-16,1539.0,99.0,99.85714285714286
2021-09-17,1534.0,67.0,97.42857142857143
2021-09-18,1516.0,76.0,96.57142857142857
2021-09-19,1526.0,70.0,91.71428571428571
2021-09-20,1532.0,81.0,84.85714285714286
2021-09-21,1495.0,84.0,84.0
2021-09-22,1492.0,72.0,78.42857142857143
2021-09-23,1451.0,86.0,76.57142857142857
2021-09-24,1424.0,72.0,77.28571428571429
2021-09-25,1427.0,62.0,75.28571428571429
2021-09-26,1427.0,90.0,78.14285714285714
2021-09-27,1424.0,88.0,79.14285714285714
2021-09-28,1403.0,79.0,78.42857142857143
2021-09-29,1351.0,84.0,80.14285714285714
2021-09-30,1342.0,78.0,79.0
2021-10-01,1344.0,64.0,77.85714285714286
2021-10-02,1320.0,48.0,75.85714285714286
2021-10-03,1320.0,77.0,74.0
2021-10-04,1336.0,79.0,72.71428571428571
2021-10-05,1348.0,86.0,73.71428571428571
2021-10-06,1347.0,89.0,74.42857142857143
2021-10-07,1364.0,96.0,77.0
2021-10-08,1343.0,60.0,76.42857142857143
2021-10-09,1333.0,55.0,77.42857142857143
2021-10-10,1337.0,94.0,79.85714285714286
2021-10-11,1346.0,104.0,83.42857142857143
2021-10-12,1375.0,74.0,81.71428571428571
2021-10-13,1394.0,102.0,83.57142857142857
2021-10-14,1389.0,83.0,81.71428571428571
2021-10-15,1396.0,81.0,84.71428571428571
2021-10-16,1400.0,66.0,86.28571428571429
2021-10-17,1414.0,103.0,87.57142857142857
2021-10-18,1451.0,121.0,90.0
2021-10-19,1467.0,125.0,97.28571428571429
2021-10-20,1472.0,103.0,97.42857142857143
2021-10-21,1525.0,122.0,103.0
2021-10-22,1531.0,110.0,107.14285714285714
2021-10-23,1593.0,88.0,110.28571428571429
2021-10-24,1617.0,135.0,114.85714285714286
2021-10-25,1671.0,144.0,118.14285714285714
2021-10-26,1695.0,171.0,124.71428571428571
2021-10-27,1758.0,146.0,130.85714285714286
2021-10-28,1802.0,163.0,136.71428571428572
2021-10-29,1862.0,142.0,141.28571428571428
2021-10-30,1929.0,114.0,145.0
2021-10-31,1978.0,159.0,148.42857142857142
2021-11-01,2054.0,186.0,154.42857142857142
2021-11-02,2132.0,206.0,159.42857142857142
2021-11-03,2220.0,203.0,167.57142857142858
2021-11-04,2326.0,196.0,172.28571428571428
2021-11-05,2411.0,194.0,179.71428571428572
2021-11-06,2441.0,170.0,187.71428571428572
2021-11-07,2533.0,256.0,201.57142857142858
2021-11-08,2613.0,247.0,210.28571428571428
2021-11-09,2678.0,258.0,217.71428571428572
2021-11-10,2732.0,251.0,224.57142857142858
2021-11-11,2818.0,219.0,227.85714285714286
2021-11-12,2852.0,269.0,238.57142857142858
2021-11-13,2925.0,231.0,247.28571428571428
2021-11-14,3021.0,267.0,248.85714285714286
2021-11-15,3177.0,294.0,255.57142857142858
2021-11-16,3271.0,308.0,262.7142857142857
2021-11-17,3362.0,289.0,268.14285714285717
2021-11-18,3412.0,306.0,280.57142857142856
2021-11-19,3495.0,272.0,281.0
2021-11-20,3547.0,226.0,280.2857142857143
2021-11-21,3660.0,304.0,285.57142857142856
2021-11-22,3833.0,354.0,294.14285714285717
2021-11-23,3971.0,372.0,303.2857142857143
2021-11-24,4053.0,370.0,314.85714285714283
2021-11-25,4182.0,414.0,330.2857142857143
2021-11-26,4302.0,305.0,335.0
2021-11-27,4353.0,274.0,341.85714285714283
2021-11-28,4451.0,337.0,346.57142857142856
2021-11-29,4581.0,356.0,346.85714285714283
2021-11-30,4622.0,331.0,341.0
2021-12-01,4668.0,377.0,342.0
2021-12-02,4778.0,319.0,328.42857142857144
2021-12-03,4773.0,295.0,327.0
2021-12-04,4781.0,222.0,319.57142857142856
2021-12-05,4802.0,311.0,315.85714285714283
2021-12-06,4879.0,341.0,313.7142857142857
2021-12-07,4918.0,347.0,316.0
2021-12-08,4868.0,356.0,313.0
2021-12-09,4914.0,348.0,317.14285714285717
2021-12-10,4917.0,273.0,314.0
2021-12-11,4876.0,247.0,317.57142857142856
2021-12-12,4876.0,304.0,316.57142857142856
2021-12-13,4894.0,336.0,315.85714285714283
2021-12-14,4862.0,345.0,315.57142857142856
2021-12-15,4792.0,346.0,314.14285714285717
2021-12-16,4736.0,308.0,308.42857142857144
2021-12-17,4653.0,273.0,308.42857142857144
2021-12-18,4631.0,190.0,300.2857142857143
2021-12-19,4607.0,239.0,291.0
2021-12-20,4583.0,295.0,285.14285714285717
2021-12-21,4529.0,288.0,277.0
2021-12-22,4438.0,281.0,267.7142857142857
2021-12-23,4353.0,243.0,258.42857142857144
2021-12-24,4253.0,209.0,249.28571428571428
2021-12-25,4242.0,196.0,250.14285714285714
2021-12-26,4205.0,218.0,247.14285714285714
2021-12-27,4176.0,255.0,241.42857142857142
2021-12-28,4101.0,223.0,232.14285714285714
2021-12-29,3976.0,226.0,224.28571428571428
2021-12-30,3888.0,207.0,219.14285714285714
2021-12-31,3806.0,161.0,212.28571428571428
2022-01-01,3798.0,180.0,210.0
2022-01-02,3776.0,200.0,207.42857142857142
2022-01-03,3770.0,212.0,201.28571428571428
2022-01-04,3640.0,209.0,199.28571428571428
2022-01-05,3531.0,208.0,196.71428571428572
2022-01-06,3408.0,195.0,195.0
2022-01-07,3347.0,192.0,199.42857142857142
2022-01-08,3287.0,132.0,192.57142857142858
2022-01-09,3244.0,164.0,187.42857142857142
2022-01-10,3220.0,167.0,181.0
2022-01-11,3122.0,168.0,175.14285714285714
2022-01-12,3019.0,152.0,167.14285714285714
2022-01-13,2927.0,179.0,164.85714285714286
2022-01-14,2840.0,131.0,156.14285714285714
2022-01-15,2768.0,108.0,152.71428571428572
2022-01-16,2716.0,154.0,151.28571428571428
2022-01-17,2712.0,137.0,147.0
2022-01-18,2639.0,154.0,145.0
2022-01-19,2546.0,143.0,143.71428571428572
2022-01-20,2418.0,159.0,140.85714285714286
2022-01-21,2390.0,144.0,142.71428571428572
2022-01-22,2370.0,128.0,145.57142857142858
2022-01-23,2396.0,150.0,145.0
2022-01-24,2406.0,194.0,153.14285714285714
2022-01-25,2364.0,206.0,160.57142857142858
2022-01-26,2334.0,171.0,164.57142857142858
2022-01-27,2244.0,180.0,167.57142857142858
2022-01-28,2229.0,160.0,169.85714285714286
2022-01-29,2191.0,150.0,173.0
2022-01-30,2232.0,193.0,179.14285714285714
2022-01-31,2266.0,238.0,185.42857142857142
2022-02-01,2226.0,245.0,191.0
2022-02-02,2280.0,201.0,195.28571428571428
2022-02-03,2226.0,248.0,205.0
2022-02-04,2269.0,220.0,213.57142857142858
2022-02-05,2269.0,175.0,217.14285714285714
2022-02-06,2294.0,235.0,223.14285714285714
2022-02-07,2334.0,257.0,225.85714285714286
2022-02-08,2352.0,252.0,226.85714285714286
2022-02-09,2352.0,256.0,234.71428571428572
2022-02-10,2354.0,234.0,232.71428571428572
2022-02-11,2360.0,227.0,233.71428571428572
2022-02-12,2368.0,168.0,232.71428571428572
2022-02-13,2390.0,240.0,233.42857142857142
2022-02-14,2434.0,275.0,236.0
2022-02-15,2453.0,247.0,235.28571428571428
2022-02-16,2426.0,245.0,233.71428571428572
2022-02-17,2424.0,243.0,235.0
2022-02-18,2391.0,200.0,231.14285714285714
2022-02-19,2365.0,159.0,229.85714285714286
2022-02-20,2347.0,197.0,223.71428571428572
2022-02-21,2368.0,249.0,220.0
2022-02-22,2347.0,269.0,223.14285714285714
2022-02-23,2351.0,212.0,218.42857142857142
2022-02-24,2243.0,237.0,217.57142857142858
2022-02-25,2252.0,184.0,215.28571428571428
2022-02-26,2227.0,161.0,215.57142857142858
2022-02-27,2208.0,222.0,219.14285714285714
2022-02-28,2250.0,264.0,221.28571428571428
2022-03-01,2257.0,220.0,214.28571428571428
2022-03-02,2168.0,242.0,218.57142857142858
2022-03-03,2120.0,228.0,217.28571428571428
2022-03-04,2078.0,214.0,221.57142857142858
2022-03-05,2072.0,149.0,219.85714285714286
2022-03-06,2074.0,225.0,220.28571428571428
2022-03-07,2136.0,276.0,222.0
2022-03-08,2130.0,222.0,222.28571428571428
2022-03-09,2094.0,237.0,221.57142857142858
2022-03-10,2085.0,236.0,222.71428571428572
2022-03-11,2087.0,200.0,220.71428571428572
2022-03-12,2079.0,225.0,231.57142857142858
2022-03-13,2158.0,248.0,234.85714285714286
2022-03-14,2223.0,300.0,238.28571428571428
2022-03-15,2256.0,290.0,248.0
2022-03-16,2256.0,302.0,257.2857142857143
2022-03-17,2244.0,291.0,265.14285714285717
2022-03-18,2246.0,234.0,270.0
2022-03-19,2203.0,186.0,264.42857142857144
2022-03-20,2227.0,253.0,265.14285714285717
2022-03-21,2312.0,346.0,271.7142857142857
2022-03-22,2345.0,268.0,268.57142857142856
2022-03-23,2293.0,345.0,274.7142857142857
2022-03-24,2283.0,289.0,274.42857142857144
2022-03-25,2265.0,293.0,282.85714285714283
2022-03-26,2292.0,234.0,289.7142857142857
2022-03-27,2293.0,241.0,288.0
2022-03-28,2315.0,312.0,283.14285714285717
2022-03-29,2332.0,272.0,283.7142857142857
2022-03-30,2283.0,301.0,277.42857142857144
2022-03-31,2264.0,253.0,272.2857142857143
2022-04-01,2232.0,208.0,260.14285714285717
2022-04-02,2180.0,196.0,254.71428571428572
2022-04-03,2180.0,241.0,254.71428571428572
2022-04-04,2204.0,231.0,243.14285714285714
2022-04-05,2132.0,253.0,240.42857142857142
2022-04-06,2075.0,273.0,236.42857142857142
2022-04-07,2021.0,220.0,231.71428571428572
2022-04-08,1989.0,209.0,231.85714285714286
2022-04-09,1949.0,146.0,224.71428571428572
2022-04-10,1955.0,186.0,216.85714285714286
2022-04-11,1948.0,228.0,216.42857142857142
2022-04-12,1885.0,228.0,212.85714285714286
2022-04-13,1823.0,233.0,207.14285714285714
2022-04-14,1796.0,179.0,201.28571428571428
2022-04-15,1768.0,137.0,191.0
2022-04-16,1718.0,158.0,192.71428571428572
2022-04-17,1742.0,127.0,184.28571428571428
2022-04-18,1739.0,180.0,177.42857142857142
2022-04-19,1777.0,196.0,172.85714285714286
2022-04-20,1706.0,179.0,165.14285714285714
2022-04-21,1623.0,180.0,165.28571428571428
2022-04-22,1591.0,178.0,171.14285714285714
2022-04-23,1593.0,106.0,163.71428571428572
2022-04-24,1549.0,136.0,165.0
2022-04-25,1556.0,173.0,164.0
2022-04-26,1501.0,162.0,159.14285714285714
2022-04-27,1423.0,151.0,155.14285714285714
2022-04-28,1381.0,170.0,153.71428571428572
2022-04-29,1357.0,126.0,146.28571428571428
2022-04-30,1328.0,113.0,147.28571428571428
2022-05-01,1315.0,137.0,147.42857142857142
2022-05-02,1305.0,158.0,145.28571428571428
2022-05-03,1260.0,146.0,143.0
2022-05-04,1185.0,156.0,143.71428571428572
2022-05-05,1160.0,127.0,137.57142857142858
2022-05-06,1100.0,105.0,134.57142857142858
2022-05-07,1068.0,81.0,130.0
2022-05-08,1082.0,113.0,126.57142857142857
2022-05-09,1084.0,118.0,120.85714285714286
2022-05-10,1051.0,123.0,117.57142857142857
2022-05-11,1021.0,114.0,111.57142857142857
2022-05-12,990.0,111.0,109.28571428571429
2022-05-13,963.0,101.0,108.71428571428571
2022-05-14,929.0,61.0,105.85714285714286
2022-05-15,904.0,98.0,103.71428571428571
2022-05-16,927.0,121.0,104.14285714285714
2022-05-17,927.0,98.0,100.57142857142857
2022-05-18,886.0,103.0,99.0
2022-05-19,854.0,91.0,96.14285714285714
2022-05-20,798.0,68.0,91.42857142857143
2022-05-21,780.0,66.0,92.14285714285714
2022-05-22,800.0,72.0,88.42857142857143
2022-05-23,768.0,82.0,82.85714285714286
2022-05-24,721.0,68.0,78.57142857142857
2022-05-25,696.0,69.0,73.71428571428571
2022-05-26,683.0,47.0,67.42857142857143
2022-05-27,679.0,51.0,65.0
2022-05-28,650.0,57.0,63.714285714285715
2022-05-29,643.0,70.0,63.42857142857143
2022-05-30,658.0,91.0,64.71428571428571
2022-05-31,671.0,80.0,66.42857142857143
2022-06-01,660.0,62.0,65.42857142857143
2022-06-02,638.0,76.0,69.57142857142857
2022-06-03,629.0,61.0,71.0
2022-06-04,608.0,62.0,71.71428571428571
2022-06-05,606.0,64.0,70.85714285714286
2022-06-06,624.0,79.0,69.14285714285714
2022-06-07,614.0,80.0,69.14285714285714
2022-06-08,614.0,93.0,73.57142857142857
2022-06-09,611.0,78.0,73.85714285714286
2022-06-10,618.0,58.0,73.42857142857143
2022-06-11,599.0,53.0,72.14285714285714
2022-06-12,610.0,82.0,74.71428571428571
2022-06-13,639.0,98.0,77.42857142857143
2022-06-14,659.0,96.0,79.71428571428571
2022-06-15,658.0,94.0,79.85714285714286
2022-06-16,667.0,96.0,82.42857142857143
2022-06-17,674.0,87.0,86.57142857142857
2022-06-18,662.0,79.0,90.28571428571429
2022-06-19,696.0,119.0,95.57142857142857
2022-06-20,730.0,139.0,101.42857142857143
2022-06-21,781.0,124.0,105.42857142857143
2022-06-22,763.0,146.0,112.85714285714286
2022-06-23,788.0,143.0,119.57142857142857
2022-06-24,779.0,100.0,121.42857142857143
2022-06-25,766.0,89.0,122.85714285714286
2022-06-26,813.0,143.0,126.28571428571429
2022-06-27,907.0,168.0,130.42857142857142
2022-06-28,958.0,127.0,130.85714285714286
2022-06-29,915.0,128.0,128.28571428571428
2022-06-30,915.0,165.0,131.42857142857142
2022-07-01,966.0,118.0,134.0
2022-07-02,969.0,90.0,134.14285714285714
2022-07-03,984.0,155.0,135.85714285714286
2022-07-04,1048.0,158.0,134.42857142857142
2022-07-05,1048.0,152.0,138.0
2022-07-06,1029.0,162.0,142.85714285714286
2022-07-07,1027.0,170.0,143.57142857142858
2022-07-08,1047.0,116.0,143.28571428571428
2022-07-09,1029.0,121.0,147.71428571428572
2022-07-10,1075.0,199.0,154.0
2022-07-11,1145.0,213.0,161.85714285714286
2022-07-12,1188.0,202.0,169.0
2022-07-13,1212.0,199.0,174.28571428571428
2022-07-14,1216.0,210.0,180.0
2022-07-15,1197.0,166.0,187.14285714285714
2022-07-16,1202.0,152.0,191.57142857142858
2022-07-17,1244.0,187.0,189.85714285714286
2022-07-18,1295.0,218.0,190.57142857142858
2022-07-19,1305.0,216.0,192.57142857142858
2022-07-20,1303.0,219.0,195.42857142857142
2022-07-21,1363.0,210.0,195.42857142857142
2022-07-22,1364.0,176.0,196.85714285714286
2022-07-23,1385.0,139.0,195.0
2022-07-24,1415.0,223.0,200.14285714285714
2022-07-25,1535.0,267.0,207.14285714285714
2022-07-26,1594.0,209.0,206.14285714285714
2022-07-27,1560.0,223.0,206.71428571428572
2022-07-28,1522.0,186.0,203.28571428571428
2022-07-29,1472.0,137.0,197.71428571428572
2022-07-30,1435.0,101.0,192.28571428571428
2022-07-31,1418.0,155.0,182.57142857142858
2022-08-01,1444.0,182.0,170.42857142857142
2022-08-02,1420.0,167.0,164.42857142857142
2022-08-03,1371.0,169.0,156.71428571428572
2022-08-04,1374.0,177.0,155.42857142857142
2022-08-05,1354.0,141.0,156.0
2022-08-06,1325.0,92.0,154.71428571428572
2022-08-07,1267.0,170.0,156.85714285714286
2022-08-08,1314.0,151.0,152.42857142857142
2022-08-09,1263.0,152.0,150.28571428571428
2022-08-10,1229.0,128.0,144.42857142857142
2022-08-11,1168.0,154.0,141.14285714285714
2022-08-12,1142.0,104.0,135.85714285714286
2022-08-13,1122.0,95.0,136.28571428571428
2022-08-14,1135.0,137.0,131.57142857142858
2022-08-15,1135.0,145.0,130.71428571428572
2022-08-16,1112.0,127.0,127.14285714285714
2022-08-17,1053.0,138.0,128.57142857142858
2022-08-18,1086.0,125.0,124.42857142857143
2022-08-19,1024.0,77.0,120.57142857142857
2022-08-20,974.0,73.0,117.42857142857143
2022-08-21,977.0,115.0,114.28571428571429
2022-08-22,972.0,114.0,109.85714285714286
2022-08-23,942.0,102.0,106.28571428571429
2022-08-24,884.0,122.0,104.0
2022-08-25,876.0,128.0,104.42857142857143
2022-08-26,861.0,83.0,105.28571428571429
2022-08-27,842.0,68.0,104.57142857142857
2022-08-28,831.0,97.0,102.0
2022-08-29,833.0,100.0,100.0
2022-08-30,809.0,99.0,99.57142857142857
2022-08-31,781.0,97.0,96.0
2022-09-01,755.0,102.0,92.28571428571429
2022-09-02,751.0,80.0,91.85714285714286
2022-09-03,738.0,55.0,90.0
2022-09-04,733.0,96.0,89.85714285714286
2022-09-05,750.0,99.0,89.71428571428571
2022-09-06,725.0,102.0,90.14285714285714
2022-09-07,708.0,111.0,92.14285714285714
2022-09-08,711.0,99.0,91.71428571428571
2022-09-09,702.0,66.0,89.71428571428571
2022-09-10,664.0,48.0,88.71428571428571
2022-09-11,659.0,82.0,86.71428571428571
2022-09-12,677.0,117.0,89.28571428571429
2022-09-13,709.0,110.0,90.42857142857143
2022-09-14,726.0,93.0,87.85714285714286
2022-09-15,702.0,90.0,86.57142857142857
2022-09-16,673.0,72.0,87.42857142857143
2022-09-17,644.0,46.0,87.14285714285714
2022-09-18,630.0,87.0,87.85714285714286
2022-09-19,657.0,111.0,87.0
2022-09-20,676.0,126.0,89.28571428571429
2022-09-21,687.0,98.0,90.0
2022-09-22,696.0,121.0,94.42857142857143
2022-09-23,715.0,75.0,94.85714285714286
2022-09-24,698.0,75.0,99.0
2022-09-25,714.0,132.0,105.42857142857143
2022-09-26,771.0,155.0,111.71428571428571
2022-09-27,833.0,153.0,115.57142857142857
2022-09-28,843.0,165.0,125.14285714285714
2022-09-29,866.0,175.0,132.85714285714286
2022-09-30,898.0,130.0,140.71428571428572
2022-10-01,928.0,119.0,147.0
2022-10-02,977.0,133.0,147.14285714285714
2022-10-03,1032.0,244.0,159.85714285714286
2022-10-04,1196.0,272.0,176.85714285714286
2022-10-05,1296.0,260.0,190.42857142857142
2022-10-06,1346.0,235.0,199.0
2022-10-07,1368.0,194.0,208.14285714285714
2022-10-08,1409.0,148.0,212.28571428571428
2022-10-09,1462.0,259.0,230.28571428571428
2022-10-10,1593.0,292.0,237.14285714285714
2022-10-11,1648.0,253.0,234.42857142857142
2022-10-12,1652.0,279.0,237.14285714285714
2022-10-13,1690.0,253.0,239.71428571428572
2022-10-14,1662.0,188.0,238.85714285714286
2022-10-15,1637.0,178.0,243.14285714285714
2022-10-16,1684.0,217.0,237.14285714285714
2022-10-17,1765.0,298.0,238.0
2022-10-18,1819.0,246.0,237.0
2022-10-19,1799.0,244.0,232.0
2022-10-20,1789.0,255.0,232.28571428571428
2022-10-21,1740.0,181.0,231.28571428571428
2022-10-22,1728.0,145.0,226.57142857142858
2022-10-23,1718.0,207.0,225.14285714285714
2022-10-24,1752.0,230.0,215.42857142857142
2022-10-25,1755.0,245.0,215.28571428571428
2022-10-26,1711.0,231.0,213.42857142857142
2022-10-27,1671.0,205.0,206.28571428571428
2022-10-28,1629.0,146.0,201.28571428571428
2022-10-29,1581.0,129.0,199.0
2022-10-30,1574.0,144.0,190.0
2022-10-31,1571.0,157.0,179.57142857142858
2022-11-01,1569.0,200.0,173.14285714285714
2022-11-02,1539.0,160.0,163.0
2022-11-03,1471.0,145.0,154.42857142857142
2022-11-04,1401.0,103.0,148.28571428571428
2022-11-05,1332.0,101.0,144.28571428571428
2022-11-06,1326.0,155.0,145.85714285714286
2022-11-07,1296.0,152.0,145.14285714285714
2022-11-08,1271.0,124.0,134.28571428571428
2022-11-09,1208.0,140.0,131.42857142857142
2022-11-10,1175.0,126.0,128.71428571428572
2022-11-11,1126.0,112.0,130.0
2022-11-12,1109.0,72.0,125.85714285714286
2022-11-13,1069.0,123.0,121.28571428571429
2022-11-14,1082.0,115.0,116.0
2022-11-15,1031.0,117.0,115.0
2022-11-16,1007.0,106.0,110.14285714285714
2022-11-17,941.0,115.0,108.57142857142857
2022-11-18,923.0,68.0,102.28571428571429
2022-11-19,889.0,65.0,101.28571428571429
2022-11-20,890.0,124.0,101.42857142857143
2022-11-21,905.0,128.0,103.28571428571429
2022-11-22,928.0,131.0,105.28571428571429
2022-11-23,913.0,117.0,106.85714285714286
2022-11-24,883.0,126.0,108.42857142857143
2022-11-25,874.0,98.0,112.71428571428571
2022-11-26,870.0,66.0,112.85714285714286
2022-11-27,883.0,129.0,113.57142857142857
2022-11-28,913.0,113.0,111.42857142857143
2022-11-29,881.0,119.0,109.71428571428571
2022-11-30,887.0,113.0,109.14285714285714
2022-12-01,871.0,145.0,111.85714285714286
2022-12-02,892.0,105.0,112.85714285714286
2022-12-03,912.0,106.0,118.57142857142857
2022-12-04,936.0,140.0,120.14285714285714
2022-12-05,952.0,159.0,126.71428571428571
2022-12-06,993.0,138.0,129.42857142857142
2022-12-07,972.0,134.0,132.42857142857142
2022-12-08,947.0,161.0,134.71428571428572
2022-12-09,981.0,95.0,133.28571428571428
2022-12-10,960.0,77.0,129.14285714285714
2022-12-11,964.0,155.0,131.28571428571428
2022-12-12,1052.0,165.0,132.14285714285714
2022-12-13,1095.0,152.0,134.14285714285714
2022-12-14,1059.0,155.0,137.14285714285714
2022-12-15,1065.0,183.0,140.28571428571428
2022-12-16,1108.0,107.0,142.0
2022-12-17,1090.0,107.0,146.28571428571428
2022-12-18,1120.0,144.0,144.71428571428572
2022-12-19,1157.0,193.0,148.71428571428572
2022-12-20,1180.0,194.0,154.71428571428572
2022-12-21,1212.0,186.0,159.14285714285714
2022-12-22,1222.0,183.0,159.14285714285714
2022-12-23,1252.0,132.0,162.71428571428572
2022-12-24,1230.0,125.0,165.28571428571428
2022-12-25,1254.0,126.0,162.71428571428572
2022-12-26,1299.0,185.0,161.57142857142858
2022-12-27,1373.0,186.0,160.42857142857142
2022-12-28,1375.0,179.0,159.42857142857142
2022-12-29,1375.0,194.0,161.0
2022-12-30,1388.0,134.0,161.28571428571428
2022-12-31,1358.0,97.0,157.28571428571428
2023-01-01,1367.0,154.0,161.28571428571428
2023-01-02,1384.0,197.0,163.0
2023-01-03,1375.0,154.0,158.42857142857142
2023-01-04,1341.0,150.0,154.28571428571428
2023-01-05,1303.0,141.0,146.71428571428572
2023-01-06,1290.0,105.0,142.57142857142858
2023-01-07,1270.0,85.0,140.85714285714286
2023-01-08,1274.0,116.0,135.42857142857142
2023-01-09,1277.0,121.0,124.57142857142857
2023-01-10,1209.0,121.0,119.85714285714286
2023-01-11,1145.0,109.0,114.0
2023-01-12,1095.0,99.0,108.0
2023-01-13,1051.0,59.0,101.42857142857143
2023-01-14,988.0,65.0,98.57142857142857
2023-01-15,985.0,82.0,93.71428571428571
2023-01-16,949.0,85.0,88.57142857142857
2023-01-17,891.0,80.0,82.71428571428571
2023-01-18,843.0,91.0,80.14285714285714
2023-01-19,818.0,77.0,77.0
2023-01-20,767.0,53.0,76.14285714285714
2023-01-21,715.0,35.0,71.85714285714286
2023-01-22,693.0,58.0,68.42857142857143
2023-01-23,665.0,94.0,69.71428571428571
2023-01-24,657.0,86.0,70.57142857142857
2023-01-25,662.0,66.0,67.0
2023-01-26,623.0,73.0,66.42857142857143
2023-01-27,604.0,61.0,67.57142857142857
2023-01-28,579.0,48.0,69.42857142857143
2023-01-29,585.0,82.0,72.85714285714286
2023-01-30,615.0,72.0,69.71428571428571
2023-01-31,588.0,95.0,71.0
2023-02-01,590.0,95.0,75.14285714285714
2023-02-02,605.0,102.0,79.28571428571429
2023-02-03,603.0,76.0,81.42857142857143
2023-02-04,592.0,62.0,83.42857142857143
2023-02-05,604.0,88.0,84.28571428571429
2023-02-06,629.0,114.0,90.28571428571429
2023-02-07,656.0,120.0,93.85714285714286
2023-02-08,674.0,92.0,93.42857142857143
2023-02-09,653.0,109.0,94.42857142857143
2023-02-10,655.0,87.0,96.0
2023-02-11,677.0,86.0,99.42857142857143
2023-02-12,698.0,99.0,101.0
2023-02-13,727.0,127.0,102.85714285714286
2023-02-14,746.0,115.0,102.14285714285714
2023-02-15,760.0,138.0,108.71428571428571
2023-02-16,814.0,158.0,115.71428571428571
2023-02-17,852.0,111.0,119.14285714285714
2023-02-18,828.0,86.0,119.14285714285714
2023-02-19,816.0,145.0,125.71428571428571
2023-02-20,904.0,143.0,128.0
2023-02-21,940.0,173.0,136.28571428571428
2023-02-22,973.0,142.0,136.85714285714286
2023-02-23,984.0,145.0,135.0
2023-02-24,997.0,125.0,137.0
2023-02-25,1017.0,99.0,138.85714285714286
2023-02-26,1020.0,137.0,137.71428571428572
2023-02-27,1027.0,147.0,138.28571428571428
2023-02-28,1027.0,154.0,135.57142857142858
2023-03-01,1012.0,143.0,135.71428571428572
2023-03-02,979.0,142.0,135.28571428571428
2023-03-03,981.0,93.0,130.71428571428572
2023-03-04,971.0,81.0,128.14285714285714
2023-03-05,1003.0,127.0,126.71428571428571
2023-03-06,1025.0,167.0,129.57142857142858
2023-03-07,1061.0,143.0,128.0
2023-03-08,1084.0,118.0,124.42857142857143
2023-03-09,1090.0,153.0,126.0
2023-03-10,1094.0,118.0,129.57142857142858
2023-03-11,1077.0,90.0,130.85714285714286
2023-03-12,1105.0,135.0,132.0
2023-03-13,1148.0,165.0,131.71428571428572
2023-03-14,1166.0,156.0,133.57142857142858
2023-03-15,1170.0,173.0,141.42857142857142
2023-03-16,1195.0,156.0,141.85714285714286
2023-03-17,1198.0,101.0,139.42857142857142
2023-03-18,1185.0,82.0,138.28571428571428
2023-03-19,1185.0,144.0,139.57142857142858
2023-03-20,1198.0,162.0,139.14285714285714
2023-03-21,1255.0,138.0,136.57142857142858
2023-03-22,1212.0,152.0,133.57142857142858
2023-03-23,1202.0,137.0,130.85714285714286
2023-03-24,1164.0,98.0,130.42857142857142
2023-03-25,1151.0,67.0,128.28571428571428
2023-03-26,1126.0,133.0,126.71428571428571
2023-03-27,1153.0,135.0,122.85714285714286
2023-03-28,1107.0,112.0,119.14285714285714
2023-03-29,1063.0,107.0,112.71428571428571
2023-03-30,1044.0,112.0,109.14285714285714
2023-03-31,1048.0,81.0,106.71428571428571
2023-04-01,1038.0,72.0,107.42857142857143
2023-04-02,1023.0,77.0,99.42857142857143
2023-04-03,974.0,98.0,94.14285714285714
2023-04-04,953.0,98.0,92.14285714285714
2023-04-05,918.0,81.0,88.42857142857143
2023-04-06,876.0,59.0,80.85714285714286
2023-04-07,832.0,53.0,76.85714285714286
2023-04-08,801.0,75.0,77.28571428571429
2023-04-09,809.0,50.0,73.42857142857143
2023-04-10,791.0,64.0,68.57142857142857
2023-04-11,799.0,79.0,65.85714285714286
2023-04-12,756.0,67.0,63.857142857142854
2023-04-13,733.0,67.0,65.0
2023-04-14,708.0,56.0,65.42857142857143
2023-04-15,699.0,48.0,61.57142857142857
2023-04-16,690.0,74.0,65.0
2023-04-17,690.0,67.0,65.42857142857143
2023-04-18,683.0,66.0,63.57142857142857
2023-04-19,651.0,57.0,62.142857142857146
2023-04-20,627.0,67.0,62.142857142857146
2023-04-21,615.0,38.0,59.57142857142857
2023-04-22,595.0,35.0,57.714285714285715
2023-04-23,599.0,69.0,57.0
2023-04-24,608.0,47.0,54.142857142857146
2023-04-25,580.0,48.0,51.57142857142857
2023-04-26,543.0,61.0,52.142857142857146
2023-04-27,533.0,49.0,49.57142857142857
2023-04-28,508.0,39.0,49.714285714285715
2023-04-29,505.0,32.0,49.285714285714285
2023-04-30,502.0,27.0,43.285714285714285
2023-05-01,506.0,49.0,43.57142857142857
2023-05-02,496.0,55.0,44.57142857142857
2023-05-03,464.0,40.0,41.57142857142857
2023-05-04,443.0,43.0,40.714285714285715
2023-05-05,444.0,32.0,39.714285714285715
2023-05-06,430.0,20.0,38.0
2023-05-07,413.0,40.0,39.857142857142854
2023-05-08,405.0,37.0,38.142857142857146
2023-05-09,382.0,40.0,36.0
2023-05-10,361.0,38.0,35.714285714285715
2023-05-11,340.0,36.0,34.714285714285715
2023-05-12,337.0,21.0,33.142857142857146
2023-05-13,333.0,27.0,34.142857142857146
2023-05-14,333.0,25.0,32.0
2023-05-15,329.0,33.0,31.428571428571427
2023-05-16,318.0,24.0,29.142857142857142
2023-05-17,298.0,30.0,28.0
2023-05-18,307.0,28.0,26.857142857142858
2023-05-19,302.0,15.0,26.0
2023-05-20,290.0,21.0,25.142857142857142
2023-05-21,303.0,21.0,24.571428571428573
2023-05-22,284.0,23.0,23.142857142857142
2023-05-23,273.0,18.0,22.285714285714285
2023-05-24,257.0,15.0,20.142857142857142
2023-05-25,226.0,22.0,19.285714285714285
2023-05-26,232.0,19.0,19.857142857142858
2023-05-27,248.0,6.0,17.714285714285715
2023-05-28,229.0,17.0,17.142857142857142
2023-05-29,228.0,23.0,17.142857142857142
2023-05-30,219.0,12.0,16.285714285714285
2023-05-31,211.0,21.0,17.142857142857142
2023-06-01,194.0,16.0,16.285714285714285
2023-06-02,193.0,14.0,15.571428571428571
2023-06-03,179.0,11.0,16.285714285714285
2023-06-04,183.0,17.0,16.285714285714285
2023-06-05,193.0,19.0,15.714285714285714
2023-06-06,185.0,8.0,15.142857142857142
2023-06-07,164.0,15.0,14.285714285714286
2023-06-08,152.0,23.0,15.285714285714286
2023-06-09,161.0,10.0,14.714285714285714
2023-06-10,165.0,14.0,15.142857142857142
2023-06-11,173.0,12.0,14.428571428571429
2023-06-12,167.0,21.0,14.714285714285714
2023-06-13,177.0,16.0,15.857142857142858
2023-06-14,176.0,10.0,15.142857142857142
2023-06-15,166.0,10.0,13.285714285714286
2023-06-16,147.0,14.0,13.857142857142858
2023-06-17,139.0,5.0,12.571428571428571
2023-06-18,130.0,8.0,12.0
2023-06-19,132.0,12.0,10.714285714285714
2023-06-20,121.0,20.0,11.285714285714286
2023-06-21,127.0,6.0,10.714285714285714
2023-06-22,125.0,8.0,10.428571428571429
2023-06-23,119.0,5.0,9.142857142857142
2023-06-24,114.0,4.0,9.0
2023-06-25,108.0,4.0,8.428571428571429
2023-06-26,97.0,7.0,7.714285714285714
2023-06-27,88.0,2.0,5.142857142857143
2023-06-28,85.0,7.0,5.285714285714286
2023-06-29,82.0,12.0,5.857142857142857
2023-06-30,87.0,12.0,6.857142857142857
2023-07-01,89.0,2.0,6.571428571428571
2023-07-02,86.0,2.0,6.285714285714286
2023-07-03,81.0,5.0,6.0
2023-07-04,77.0,8.0,6.857142857142857
2023-07-05,82.0,9.0,7.142857142857143
2023-07-06,85.0,7.0,6.428571428571429
2023-07-07,82.0,4.0,5.285714285714286
2023-07-08,81.0,3.0,5.428571428571429
2023-07-09,77.0,5.0,5.857142857142857
2023-07-10,78.0,7.0,6.142857142857143
2023-07-11,80.0,7.0,6.0
2023-07-12,73.0,5.0,5.428571428571429
2023-07-13,73.0,5.0,5.142857142857143
2023-07-14,71.0,3.0,5.0
2023-07-15,72.0,5.0,5.285714285714286
2023-07-16,72.0,9.0,5.857142857142857
2023-07-17,74.0,12.0,6.571428571428571
2023-07-18,75.0,10.0,7.0
2023-07-19,80.0,6.0,7.142857142857143
2023-07-20,74.0,8.0,7.571428571428571
2023-07-21,78.0,7.0,8.142857142857142
2023-07-22,76.0,2.0,7.714285714285714
2023-07-23,70.0,7.0,7.428571428571429
2023-07-24,74.0,11.0,7.285714285714286
2023-07-25,77.0,6.0,6.714285714285714
2023-07-26,73.0,1.0,6.0
2023-07-27,70.0,4.0,5.428571428571429
2023-07-28,67.0,3.0,4.857142857142857
2023-07-29,64.0,4.0,5.142857142857143
2023-07-30,60.0,12.0,5.857142857142857
2023-07-31,61.0,6.0,5.142857142857143
2023-08-01,63.0,9.0,5.571428571428571
2023-08-02,63.0,6.0,6.285714285714286
2023-08-03,61.0,4.0,6.285714285714286
2023-08-04,57.0,9.0,7.142857142857143
2023-08-05,68.0,8.0,7.714285714285714
2023-08-06,74.0,14.0,8.0
2023-08-07,80.0,11.0,8.714285714285714
2023-08-08,86.0,14.0,9.428571428571429
2023-08-09,89.0,9.0,9.857142857142858
2023-08-10,86.0,10.0,10.714285714285714
2023-08-11,91.0,11.0,11.0
2023-08-12,95.0,12.0,11.571428571428571
2023-08-13,105.0,21.0,12.571428571428571
2023-08-14,119.0,16.0,13.285714285714286
2023-08-15,130.0,14.0,13.285714285714286
2023-08-16,134.0,24.0,15.428571428571429
2023-08-17,137.0,16.0,16.285714285714285
2023-08-18,141.0,19.0,17.428571428571427
2023-08-19,140.0,16.0,18.0
2023-08-20,143.0,22.0,18.142857142857142
2023-08-21,159.0,22.0,19.0
2023-08-22,164.0,37.0,22.285714285714285
2023-08-23,175.0,25.0,22.428571428571427
2023-08-24,178.0,32.0,24.714285714285715
2023-08-25,193.0,11.0,23.571428571428573
2023-08-26,172.0,12.0,23.0
2023-08-27,176.0,25.0,23.428571428571427
2023-08-28,176.0,19.0,23.0
2023-08-29,169.0,27.0,21.571428571428573
2023-08-30,171.0,18.0,20.571428571428573
2023-08-31,163.0,20.0,18.857142857142858
2023-09-01,160.0,16.0,19.571428571428573
2023-09-02,159.0,14.0,19.857142857142858
2023-09-03,166.0,29.0,20.428571428571427
2023-09-04,182.0,30.0,22.0
2023-09-05,184.0,30.0,22.428571428571427
2023-09-06,180.0,21.0,22.857142857142858
2023-09-07,178.0,24.0,23.428571428571427
2023-09-08,186.0,25.0,24.714285714285715
2023-09-09,185.0,26.0,26.428571428571427
2023-09-10,200.0,35.0,27.285714285714285
2023-09-11,223.0,48.0,29.857142857142858
2023-09-12,234.0,25.0,29.142857142857142
2023-09-13,226.0,23.0,29.428571428571427
2023-09-14,217.0,27.0,29.857142857142858
2023-09-15,215.0,25.0,29.857142857142858
2023-09-16,213.0,18.0,28.714285714285715
2023-09-17,220.0,25.0,27.285714285714285
2023-09-18,223.0,33.0,25.142857142857142
2023-09-19,228.0,40.0,27.285714285714285
2023-09-20,236.0,35.0,29.0
2023-09-21,235.0,28.0,29.142857142857142
2023-09-22,222.0,36.0,30.714285714285715
2023-09-23,238.0,19.0,30.857142857142858
2023-09-24,232.0,43.0,33.42857142857143
2023-09-25,244.0,28.0,32.714285714285715
2023-09-26,232.0,31.0,31.428571428571427
2023-09-27,243.0,26.0,30.142857142857142
2023-09-28,236.0,37.0,31.428571428571427
2023-09-29,245.0,35.0,31.285714285714285
2023-09-30,253.0,26.0,32.285714285714285
2023-10-01,266.0,36.0,31.285714285714285
2023-10-02,276.0,35.0,32.285714285714285
2023-10-03,286.0,38.0,33.285714285714285
2023-10-04,288.0,51.0,36.857142857142854
2023-10-05,296.0,55.0,39.42857142857143
2023-10-06,324.0,36.0,39.57142857142857
2023-10-07,325.0,41.0,41.714285714285715
2023-10-08,349.0,51.0,43.857142857142854
2023-10-09,360.0,72.0,49.142857142857146
2023-10-10,385.0,60.0,52.285714285714285
2023-10-11,407.0,64.0,54.142857142857146
2023-10-12,397.0,55.0,54.142857142857146
2023-10-13,406.0,42.0,55.0
2023-10-14,413.0,39.0,54.714285714285715
2023-10-15,421.0,57.0,55.57142857142857
2023-10-16,451.0,56.0,53.285714285714285
2023-10-17,459.0,72.0,55.0
2023-10-18,467.0,67.0,55.42857142857143
2023-10-19,469.0,75.0,58.285714285714285
2023-10-20,473.0,57.0,60.42857142857143
2023-10-21,500.0,64.0,64.0
2023-10-22,519.0,73.0,66.28571428571429
2023-10-23,563.0,111.0,74.14285714285714
2023-10-24,603.0,86.0,76.14285714285714
2023-10-25,602.0,79.0,77.85714285714286
2023-10-26,611.0,86.0,79.42857142857143
2023-10-27,614.0,77.0,82.28571428571429
2023-10-28,618.0,71.0,83.28571428571429
2023-10-29,645.0,79.0,84.14285714285714
2023-10-30,676.0,104.0,83.14285714285714
2023-10-31,705.0,89.0,83.57142857142857
2023-11-01,702.0,92.0,85.42857142857143
2023-11-02,737.0,93.0,86.42857142857143
2023-11-03,750.0,65.0,84.71428571428571
2023-11-04,751.0,58.0,82.85714285714286
2023-11-05,777.0,94.0,85.0
2023-11-06,784.0,101.0,84.57142857142857
2023-11-07,826.0,114.0,88.14285714285714
2023-11-08,816.0,103.0,89.71428571428571
2023-11-09,803.0,101.0,90.85714285714286
2023-11-10,772.0,67.0,91.14285714285714
2023-11-11,766.0,62.0,91.71428571428571
2023-11-12,771.0,125.0,96.14285714285714
2023-11-13,832.0,135.0,101.0
2023-11-14,882.0,105.0,99.71428571428571
2023-11-15,883.0,121.0,102.28571428571429
2023-11-16,895.0,123.0,105.42857142857143
2023-11-17,915.0,70.0,105.85714285714286
2023-11-18,899.0,67.0,106.57142857142857
2023-11-19,929.0,123.0,106.28571428571429
2023-11-20,954.0,138.0,106.71428571428571
2023-11-21,979.0,117.0,108.42857142857143
2023-11-22,948.0,133.0,110.14285714285714
2023-11-23,950.0,119.0,109.57142857142857
2023-11-24,914.0,67.0,109.14285714285714
2023-11-25,897.0,78.0,110.71428571428571
2023-11-26,933.0,130.0,111.71428571428571
2023-11-27,966.0,152.0,113.71428571428571
2023-11-28,991.0,124.0,114.71428571428571
2023-11-29,988.0,107.0,111.0
2023-11-30,957.0,113.0,110.14285714285714
2023-12-01,954.0,92.0,113.71428571428571
2023-12-02,940.0,79.0,113.85714285714286
2023-12-03,970.0,152.0,117.0
2023-12-04,1035.0,161.0,118.28571428571429
2023-12-05,1061.0,126.0,118.57142857142857
2023-12-06,1043.0,141.0,123.42857142857143
2023-12-07,1072.0,169.0,131.42857142857142
2023-12-08,1099.0,91.0,131.28571428571428
2023-12-09,1105.0,103.0,134.71428571428572
2023-12-10,1141.0,131.0,131.71428571428572
2023-12-11,1122.0,171.0,133.14285714285714
2023-12-12,1151.0,170.0,139.42857142857142
2023-12-13,1140.0,181.0,145.14285714285714
2023-12-14,1187.0,174.0,145.85714285714286
2023-12-15,1214.0,105.0,147.85714285714286
2023-12-16,1200.0,76.0,144.0
2023-12-17,1204.0,145.0,146.0
2023-12-18,1248.0,165.0,145.14285714285714
2023-12-19,1264.0,170.0,145.14285714285714
2023-12-20,1263.0,146.0,140.14285714285714
2023-12-21,1238.0,157.0,137.71428571428572
2023-12-22,1210.0,96.0,136.42857142857142
2023-12-23,1193.0,88.0,138.14285714285714
2023-12-24,1190.0,79.0,128.71428571428572
2023-12-25,1175.0,101.0,119.57142857142857
2023-12-26,1224.0,121.0,112.57142857142857
2023-12-27,1201.0,126.0,109.71428571428571
2023-12-28,1164.0,108.0,102.71428571428571
2023-12-29,1127.0,86.0,101.28571428571429
2023-12-30,1068.0,53.0,96.28571428571429
2023-12-31,1025.0,68.0,94.71428571428571
2024-01-01,1011.0,89.0,93.0
2024-01-02,998.0,120.0,92.85714285714286
2024-01-03,981.0,100.0,89.14285714285714
2024-01-04,956.0,79.0,85.0
2024-01-05,898.0,54.0,80.42857142857143
2024-01-06,853.0,35.0,77.85714285714286
2024-01-07,827.0,81.0,79.71428571428571
2024-01-08,805.0,65.0,76.28571428571429
2024-01-09,743.0,63.0,68.14285714285714
2024-01-10,698.0,65.0,63.142857142857146
2024-01-11,653.0,55.0,59.714285714285715
2024-01-12,653.0,38.0,57.42857142857143
2024-01-13,623.0,49.0,59.42857142857143
2024-01-14,625.0,51.0,55.142857142857146
2024-01-15,594.0,46.0,52.42857142857143
2024-01-16,573.0,45.0,49.857142857142854
2024-01-17,533.0,57.0,48.714285714285715
2024-01-18,524.0,42.0,46.857142857142854
2024-01-19,496.0,22.0,44.57142857142857
2024-01-20,473.0,29.0,41.714285714285715
2024-01-21,460.0,59.0,42.857142857142854
2024-01-22,477.0,0.0,36.285714285714285
