,Delta_AY.1,Omikron_BA.1/2,Omikron_BA.4/5
2020-03-10,0.0,0.0,0.0
2020-03-11,0.0,0.0,0.0
2020-03-12,0.0,0.0,0.0
2020-03-13,0.0,0.0,0.0
2020-03-14,0.0,0.0,0.0
2020-03-15,0.0,0.0,0.0
2020-03-16,0.0,0.0,0.0
2020-03-17,0.0,0.0,0.0
2020-03-18,0.0,0.0,0.0
2020-03-19,0.0,0.0,0.0
2020-03-20,0.0,0.0,0.0
2020-03-21,0.0,0.0,0.0
2020-03-22,0.0,0.0,0.0
2020-03-23,0.0,0.0,0.0
2020-03-24,0.0,0.0,0.0
2020-03-25,0.0,0.0,0.0
2020-03-26,0.0,0.0,0.0
2020-03-27,0.0,0.0,0.0
2020-03-28,0.0,0.0,0.0
2020-03-29,0.0,0.0,0.0
2020-03-30,0.0,0.0,0.0
2020-03-31,0.0,0.0,0.0
2020-04-01,0.0,0.0,0.0
2020-04-02,0.0,0.0,0.0
2020-04-03,0.0,0.0,0.0
2020-04-04,0.0,0.0,0.0
2020-04-05,0.0,0.0,0.0
2020-04-06,0.0,0.0,0.0
2020-04-07,0.0,0.0,0.0
2020-04-08,0.0,0.0,0.0
2020-04-09,0.0,0.0,0.0
2020-04-10,0.0,0.0,0.0
2020-04-11,0.0,0.0,0.0
2020-04-12,0.0,0.0,0.0
2020-04-13,0.0,0.0,0.0
2020-04-14,0.0,0.0,0.0
2020-04-15,0.0,0.0,0.0
2020-04-16,0.0,0.0,0.0
2020-04-17,0.0,0.0,0.0
2020-04-18,0.0,0.0,0.0
2020-04-19,0.0,0.0,0.0
2020-04-20,0.0,0.0,0.0
2020-04-21,0.0,0.0,0.0
2020-04-22,0.0,0.0,0.0
2020-04-23,0.0,0.0,0.0
2020-04-24,0.0,0.0,0.0
2020-04-25,0.0,0.0,0.0
2020-04-26,0.0,0.0,0.0
2020-04-27,0.0,0.0,0.0
2020-04-28,0.0,0.0,0.0
2020-04-29,0.0,0.0,0.0
2020-04-30,0.0,0.0,0.0
2020-05-01,0.0,0.0,0.0
2020-05-02,0.0,0.0,0.0
2020-05-03,0.0,0.0,0.0
2020-05-04,0.0,0.0,0.0
2020-05-05,0.0,0.0,0.0
2020-05-06,0.0,0.0,0.0
2020-05-07,0.0,0.0,0.0
2020-05-08,0.0,0.0,0.0
2020-05-09,0.0,0.0,0.0
2020-05-10,0.0,0.0,0.0
2020-05-11,0.0,0.0,0.0
2020-05-12,0.0,0.0,0.0
2020-05-13,0.0,0.0,0.0
2020-05-14,0.0,0.0,0.0
2020-05-15,0.0,0.0,0.0
2020-05-16,0.0,0.0,0.0
2020-05-17,0.0,0.0,0.0
2020-05-18,0.0,0.0,0.0
2020-05-19,0.0,0.0,0.0
2020-05-20,0.0,0.0,0.0
2020-05-21,0.0,0.0,0.0
2020-05-22,0.0,0.0,0.0
2020-05-23,0.0,0.0,0.0
2020-05-24,0.0,0.0,0.0
2020-05-25,0.0,0.0,0.0
2020-05-26,0.0,0.0,0.0
2020-05-27,0.0,0.0,0.0
2020-05-28,0.0,0.0,0.0
2020-05-29,0.0,0.0,0.0
2020-05-30,0.0,0.0,0.0
2020-05-31,0.0,0.0,0.0
2020-06-01,0.0,0.0,0.0
2020-06-02,0.0,0.0,0.0
2020-06-03,0.0,0.0,0.0
2020-06-04,0.0,0.0,0.0
2020-06-05,0.0,0.0,0.0
2020-06-06,0.0,0.0,0.0
2020-06-07,0.0,0.0,0.0
2020-06-08,0.0,0.0,0.0
2020-06-09,0.0,0.0,0.0
2020-06-10,0.0,0.0,0.0
2020-06-11,0.0,0.0,0.0
2020-06-12,0.0,0.0,0.0
2020-06-13,0.0,0.0,0.0
2020-06-14,0.0,0.0,0.0
2020-06-15,0.0,0.0,0.0
2020-06-16,0.0,0.0,0.0
2020-06-17,0.0,0.0,0.0
2020-06-18,0.0,0.0,0.0
2020-06-19,0.0,0.0,0.0
2020-06-20,0.0,0.0,0.0
2020-06-21,0.0,0.0,0.0
2020-06-22,0.0,0.0,0.0
2020-06-23,0.0,0.0,0.0
2020-06-24,0.0,0.0,0.0
2020-06-25,0.0,0.0,0.0
2020-06-26,0.0,0.0,0.0
2020-06-27,0.0,0.0,0.0
2020-06-28,0.0,0.0,0.0
2020-06-29,0.0,0.0,0.0
2020-06-30,0.0,0.0,0.0
2020-07-01,0.0,0.0,0.0
2020-07-02,0.0,0.0,0.0
2020-07-03,0.0,0.0,0.0
2020-07-04,0.0,0.0,0.0
2020-07-05,0.0,0.0,0.0
2020-07-06,0.0,0.0,0.0
2020-07-07,0.0,0.0,0.0
2020-07-08,0.0,0.0,0.0
2020-07-09,0.0,0.0,0.0
2020-07-10,0.0,0.0,0.0
2020-07-11,0.0,0.0,0.0
2020-07-12,0.0,0.0,0.0
2020-07-13,0.0,0.0,0.0
2020-07-14,0.0,0.0,0.0
2020-07-15,0.0,0.0,0.0
2020-07-16,0.0,0.0,0.0
2020-07-17,0.0,0.0,0.0
2020-07-18,0.0,0.0,0.0
2020-07-19,0.0,0.0,0.0
2020-07-20,0.0,0.0,0.0
2020-07-21,0.0,0.0,0.0
2020-07-22,0.0,0.0,0.0
2020-07-23,0.0,0.0,0.0
2020-07-24,0.0,0.0,0.0
2020-07-25,0.0,0.0,0.0
2020-07-26,0.0,0.0,0.0
2020-07-27,0.0,0.0,0.0
2020-07-28,0.0,0.0,0.0
2020-07-29,0.0,0.0,0.0
2020-07-30,0.0,0.0,0.0
2020-07-31,0.0,0.0,0.0
2020-08-01,0.0,0.0,0.0
2020-08-02,0.0,0.0,0.0
2020-08-03,0.0,0.0,0.0
2020-08-04,0.0,0.0,0.0
2020-08-05,0.0,0.0,0.0
2020-08-06,0.0,0.0,0.0
2020-08-07,0.0,0.0,0.0
2020-08-08,0.0,0.0,0.0
2020-08-09,0.0,0.0,0.0
2020-08-10,0.0,0.0,0.0
2020-08-11,0.0,0.0,0.0
2020-08-12,0.0,0.0,0.0
2020-08-13,0.0,0.0,0.0
2020-08-14,0.0,0.0,0.0
2020-08-15,0.0,0.0,0.0
2020-08-16,0.0,0.0,0.0
2020-08-17,0.0,0.0,0.0
2020-08-18,0.0,0.0,0.0
2020-08-19,0.0,0.0,0.0
2020-08-20,0.0,0.0,0.0
2020-08-21,0.0,0.0,0.0
2020-08-22,0.0,0.0,0.0
2020-08-23,0.0,0.0,0.0
2020-08-24,0.0,0.0,0.0
2020-08-25,0.0,0.0,0.0
2020-08-26,0.0,0.0,0.0
2020-08-27,0.0,0.0,0.0
2020-08-28,0.0,0.0,0.0
2020-08-29,0.0,0.0,0.0
2020-08-30,0.0,0.0,0.0
2020-08-31,0.0,0.0,0.0
2020-09-01,0.0,0.0,0.0
2020-09-02,0.0,0.0,0.0
2020-09-03,0.0,0.0,0.0
2020-09-04,0.0,0.0,0.0
2020-09-05,0.0,0.0,0.0
2020-09-06,0.0,0.0,0.0
2020-09-07,0.0,0.0,0.0
2020-09-08,0.0,0.0,0.0
2020-09-09,0.0,0.0,0.0
2020-09-10,0.0,0.0,0.0
2020-09-11,0.0,0.0,0.0
2020-09-12,0.0,0.0,0.0
2020-09-13,0.0,0.0,0.0
2020-09-14,0.0,0.0,0.0
2020-09-15,0.0,0.0,0.0
2020-09-16,0.0,0.0,0.0
2020-09-17,0.0,0.0,0.0
2020-09-18,0.0,0.0,0.0
2020-09-19,0.0,0.0,0.0
2020-09-20,0.0,0.0,0.0
2020-09-21,0.0,0.0,0.0
2020-09-22,0.0,0.0,0.0
2020-09-23,0.0,0.0,0.0
2020-09-24,0.0,0.0,0.0
2020-09-25,0.0,0.0,0.0
2020-09-26,0.0,0.0,0.0
2020-09-27,0.0,0.0,0.0
2020-09-28,0.0,0.0,0.0
2020-09-29,0.0,0.0,0.0
2020-09-30,0.0,0.0,0.0
2020-10-01,0.0,0.0,0.0
2020-10-02,0.0,0.0,0.0
2020-10-03,0.0,0.0,0.0
2020-10-04,0.0,0.0,0.0
2020-10-05,0.0,0.0,0.0
2020-10-06,0.0,0.0,0.0
2020-10-07,0.0,0.0,0.0
2020-10-08,0.0,0.0,0.0
2020-10-09,0.0,0.0,0.0
2020-10-10,0.0,0.0,0.0
2020-10-11,0.0,0.0,0.0
2020-10-12,0.0,0.0,0.0
2020-10-13,0.0,0.0,0.0
2020-10-14,0.0,0.0,0.0
2020-10-15,0.0,0.0,0.0
2020-10-16,0.0,0.0,0.0
2020-10-17,0.0,0.0,0.0
2020-10-18,0.0,0.0,0.0
2020-10-19,0.0,0.0,0.0
2020-10-20,0.0,0.0,0.0
2020-10-21,0.0,0.0,0.0
2020-10-22,0.0,0.0,0.0
2020-10-23,0.0,0.0,0.0
2020-10-24,0.0,0.0,0.0
2020-10-25,0.0,0.0,0.0
2020-10-26,0.0,0.0,0.0
2020-10-27,0.0,0.0,0.0
2020-10-28,0.0,0.0,0.0
2020-10-29,0.0,0.0,0.0
2020-10-30,0.0,0.0,0.0
2020-10-31,0.0,0.0,0.0
2020-11-01,0.0,0.0,0.0
2020-11-02,0.0,0.0,0.0
2020-11-03,0.0,0.0,0.0
2020-11-04,0.0,0.0,0.0
2020-11-05,0.0,0.0,0.0
2020-11-06,0.0,0.0,0.0
2020-11-07,0.0,0.0,0.0
2020-11-08,0.0,0.0,0.0
2020-11-09,0.0,0.0,0.0
2020-11-10,0.0,0.0,0.0
2020-11-11,0.0,0.0,0.0
2020-11-12,0.0,0.0,0.0
2020-11-13,0.0,0.0,0.0
2020-11-14,0.0,0.0,0.0
2020-11-15,0.0,0.0,0.0
2020-11-16,0.0,0.0,0.0
2020-11-17,0.0,0.0,0.0
2020-11-18,0.0,0.0,0.0
2020-11-19,0.0,0.0,0.0
2020-11-20,0.0,0.0,0.0
2020-11-21,0.0,0.0,0.0
2020-11-22,0.0,0.0,0.0
2020-11-23,0.0,0.0,0.0
2020-11-24,0.0,0.0,0.0
2020-11-25,0.0,0.0,0.0
2020-11-26,0.0,0.0,0.0
2020-11-27,0.0,0.0,0.0
2020-11-28,0.0,0.0,0.0
2020-11-29,0.0,0.0,0.0
2020-11-30,0.0,0.0,0.0
2020-12-01,0.0,0.0,0.0
2020-12-02,0.0,0.0,0.0
2020-12-03,0.0,0.0,0.0
2020-12-04,0.0,0.0,0.0
2020-12-05,0.0,0.0,0.0
2020-12-06,0.0,0.0,0.0
2020-12-07,0.0,0.0,0.0
2020-12-08,0.0,0.0,0.0
2020-12-09,0.0,0.0,0.0
2020-12-10,0.0,0.0,0.0
2020-12-11,0.0,0.0,0.0
2020-12-12,0.0,0.0,0.0
2020-12-13,0.0,0.0,0.0
2020-12-14,0.0,0.0,0.0
2020-12-15,0.0,0.0,0.0
2020-12-16,0.0,0.0,0.0
2020-12-17,0.0,0.0,0.0
2020-12-18,0.0,0.0,0.0
2020-12-19,0.0,0.0,0.0
2020-12-20,0.0,0.0,0.0
2020-12-21,0.0,0.0,0.0
2020-12-22,0.0,0.0,0.0
2020-12-23,0.0,0.0,0.0
2020-12-24,0.0,0.0,0.0
2020-12-25,0.0,0.0,0.0
2020-12-26,0.0,0.0,0.0
2020-12-27,0.0,0.0,0.0
2020-12-28,0.0,0.0,0.0
2020-12-29,0.0,0.0,0.0
2020-12-30,0.0,0.0,0.0
2020-12-31,0.0,0.0,0.0
2021-01-01,0.0,0.0,0.0
2021-01-02,0.0,0.0,0.0
2021-01-03,0.0,0.0,0.0
2021-01-04,0.0,0.0,0.0
2021-01-05,0.0,0.0,0.0
2021-01-06,0.0,0.0,0.0
2021-01-07,0.0,0.0,0.0
2021-01-08,0.0,0.0,0.0
2021-01-09,0.0,0.0,0.0
2021-01-10,0.0,0.0,0.0
2021-01-11,0.1,0.0,0.0
2021-01-12,0.1,0.0,0.0
2021-01-13,0.1,0.0,0.0
2021-01-14,0.1,0.0,0.0
2021-01-15,0.1,0.0,0.0
2021-01-16,0.1,0.0,0.0
2021-01-17,0.1,0.0,0.0
2021-01-18,0.0,0.0,0.0
2021-01-19,0.0,0.0,0.0
2021-01-20,0.0,0.0,0.0
2021-01-21,0.0,0.0,0.0
2021-01-22,0.0,0.0,0.0
2021-01-23,0.0,0.0,0.0
2021-01-24,0.0,0.0,0.0
2021-01-25,0.0,0.0,0.0
2021-01-26,0.0,0.0,0.0
2021-01-27,0.0,0.0,0.0
2021-01-28,0.0,0.0,0.0
2021-01-29,0.0,0.0,0.0
2021-01-30,0.0,0.0,0.0
2021-01-31,0.0,0.0,0.0
2021-02-01,0.0,0.0,0.0
2021-02-02,0.0,0.0,0.0
2021-02-03,0.0,0.0,0.0
2021-02-04,0.0,0.0,0.0
2021-02-05,0.0,0.0,0.0
2021-02-06,0.0,0.0,0.0
2021-02-07,0.0,0.0,0.0
2021-02-08,0.0,0.0,0.0
2021-02-09,0.0,0.0,0.0
2021-02-10,0.0,0.0,0.0
2021-02-11,0.0,0.0,0.0
2021-02-12,0.0,0.0,0.0
2021-02-13,0.0,0.0,0.0
2021-02-14,0.0,0.0,0.0
2021-02-15,0.0,0.0,0.0
2021-02-16,0.0,0.0,0.0
2021-02-17,0.0,0.0,0.0
2021-02-18,0.0,0.0,0.0
2021-02-19,0.0,0.0,0.0
2021-02-20,0.0,0.0,0.0
2021-02-21,0.0,0.0,0.0
2021-02-22,0.0,0.0,0.0
2021-02-23,0.0,0.0,0.0
2021-02-24,0.0,0.0,0.0
2021-02-25,0.0,0.0,0.0
2021-02-26,0.0,0.0,0.0
2021-02-27,0.0,0.0,0.0
2021-02-28,0.0,0.0,0.0
2021-03-01,0.0,0.0,0.0
2021-03-02,0.0,0.0,0.0
2021-03-03,0.0,0.0,0.0
2021-03-04,0.0,0.0,0.0
2021-03-05,0.0,0.0,0.0
2021-03-06,0.0,0.0,0.0
2021-03-07,0.0,0.0,0.0
2021-03-08,0.0,0.0,0.0
2021-03-09,0.0,0.0,0.0
2021-03-10,0.0,0.0,0.0
2021-03-11,0.0,0.0,0.0
2021-03-12,0.0,0.0,0.0
2021-03-13,0.0,0.0,0.0
2021-03-14,0.0,0.0,0.0
2021-03-15,0.0,0.0,0.0
2021-03-16,0.0,0.0,0.0
2021-03-17,0.0,0.0,0.0
2021-03-18,0.0,0.0,0.0
2021-03-19,0.0,0.0,0.0
2021-03-20,0.0,0.0,0.0
2021-03-21,0.0,0.0,0.0
2021-03-22,0.1,0.0,0.0
2021-03-23,0.1,0.0,0.0
2021-03-24,0.1,0.0,0.0
2021-03-25,0.1,0.0,0.0
2021-03-26,0.1,0.0,0.0
2021-03-27,0.1,0.0,0.0
2021-03-28,0.1,0.0,0.0
2021-03-29,0.0,0.0,0.0
2021-03-30,0.0,0.0,0.0
2021-03-31,0.0,0.0,0.0
2021-04-01,0.0,0.0,0.0
2021-04-02,0.0,0.0,0.0
2021-04-03,0.0,0.0,0.0
2021-04-04,0.0,0.0,0.0
2021-04-05,0.1,0.0,0.0
2021-04-06,0.1,0.0,0.0
2021-04-07,0.1,0.0,0.0
2021-04-08,0.1,0.0,0.0
2021-04-09,0.1,0.0,0.0
2021-04-10,0.1,0.0,0.0
2021-04-11,0.1,0.0,0.0
2021-04-12,0.1,0.0,0.0
2021-04-13,0.1,0.0,0.0
2021-04-14,0.1,0.0,0.0
2021-04-15,0.1,0.0,0.0
2021-04-16,0.1,0.0,0.0
2021-04-17,0.1,0.0,0.0
2021-04-18,0.1,0.0,0.0
2021-04-19,0.7,0.0,0.0
2021-04-20,0.7,0.0,0.0
2021-04-21,0.7,0.0,0.0
2021-04-22,0.7,0.0,0.0
2021-04-23,0.7,0.0,0.0
2021-04-24,0.7,0.0,0.0
2021-04-25,0.7,0.0,0.0
2021-04-26,1.4,0.0,0.0
2021-04-27,1.4,0.0,0.0
2021-04-28,1.4,0.0,0.0
2021-04-29,1.4,0.0,0.0
2021-04-30,1.4,0.0,0.0
2021-05-01,1.4,0.0,0.0
2021-05-02,1.4,0.0,0.0
2021-05-03,1.7,0.0,0.0
2021-05-04,1.7,0.0,0.0
2021-05-05,1.7,0.0,0.0
2021-05-06,1.7,0.0,0.0
2021-05-07,1.7,0.0,0.0
2021-05-08,1.7,0.0,0.0
2021-05-09,1.7,0.0,0.0
2021-05-10,2.6,0.0,0.0
2021-05-11,2.6,0.0,0.0
2021-05-12,2.6,0.0,0.0
2021-05-13,2.6,0.0,0.0
2021-05-14,2.6,0.0,0.0
2021-05-15,2.6,0.0,0.0
2021-05-16,2.6,0.0,0.0
2021-05-17,3.1,0.0,0.0
2021-05-18,3.1,0.0,0.0
2021-05-19,3.1,0.0,0.0
2021-05-20,3.1,0.0,0.0
2021-05-21,3.1,0.0,0.0
2021-05-22,3.1,0.0,0.0
2021-05-23,3.1,0.0,0.0
2021-05-24,3.5,0.0,0.0
2021-05-25,3.5,0.0,0.0
2021-05-26,3.5,0.0,0.0
2021-05-27,3.5,0.0,0.0
2021-05-28,3.5,0.0,0.0
2021-05-29,3.5,0.0,0.0
2021-05-30,3.5,0.0,0.0
2021-05-31,7.6,0.0,0.0
2021-06-01,7.6,0.0,0.0
2021-06-02,7.6,0.0,0.0
2021-06-03,7.6,0.0,0.0
2021-06-04,7.6,0.0,0.0
2021-06-05,7.6,0.0,0.0
2021-06-06,7.6,0.0,0.0
2021-06-07,18.5,0.0,0.0
2021-06-08,18.5,0.0,0.0
2021-06-09,18.5,0.0,0.0
2021-06-10,18.5,0.0,0.0
2021-06-11,18.5,0.0,0.0
2021-06-12,18.5,0.0,0.0
2021-06-13,18.5,0.0,0.0
2021-06-14,39.4,0.0,0.0
2021-06-15,39.4,0.0,0.0
2021-06-16,39.4,0.0,0.0
2021-06-17,39.4,0.0,0.0
2021-06-18,39.4,0.0,0.0
2021-06-19,39.4,0.0,0.0
2021-06-20,39.4,0.0,0.0
2021-06-21,60.0,0.0,0.0
2021-06-22,60.0,0.0,0.0
2021-06-23,60.0,0.0,0.0
2021-06-24,60.0,0.0,0.0
2021-06-25,60.0,0.0,0.0
2021-06-26,60.0,0.0,0.0
2021-06-27,60.0,0.0,0.0
2021-06-28,77.4,0.0,0.0
2021-06-29,77.4,0.0,0.0
2021-06-30,77.4,0.0,0.0
2021-07-01,77.4,0.0,0.0
2021-07-02,77.4,0.0,0.0
2021-07-03,77.4,0.0,0.0
2021-07-04,77.4,0.0,0.0
2021-07-05,84.7,0.0,0.0
2021-07-06,84.7,0.0,0.0
2021-07-07,84.7,0.0,0.0
2021-07-08,84.7,0.0,0.0
2021-07-09,84.7,0.0,0.0
2021-07-10,84.7,0.0,0.0
2021-07-11,84.7,0.0,0.0
2021-07-12,92.2,0.0,0.0
2021-07-13,92.2,0.0,0.0
2021-07-14,92.2,0.0,0.0
2021-07-15,92.2,0.0,0.0
2021-07-16,92.2,0.0,0.0
2021-07-17,92.2,0.0,0.0
2021-07-18,92.2,0.0,0.0
2021-07-19,96.4,0.0,0.0
2021-07-20,96.4,0.0,0.0
2021-07-21,96.4,0.0,0.0
2021-07-22,96.4,0.0,0.0
2021-07-23,96.4,0.0,0.0
2021-07-24,96.4,0.0,0.0
2021-07-25,96.4,0.0,0.0
2021-07-26,97.2,0.0,0.0
2021-07-27,97.2,0.0,0.0
2021-07-28,97.2,0.0,0.0
2021-07-29,97.2,0.0,0.0
2021-07-30,97.2,0.0,0.0
2021-07-31,97.2,0.0,0.0
2021-08-01,97.2,0.0,0.0
2021-08-02,98.6,0.0,0.0
2021-08-03,98.6,0.0,0.0
2021-08-04,98.6,0.0,0.0
2021-08-05,98.6,0.0,0.0
2021-08-06,98.6,0.0,0.0
2021-08-07,98.6,0.0,0.0
2021-08-08,98.6,0.0,0.0
2021-08-09,99.3,0.0,0.0
2021-08-10,99.3,0.0,0.0
2021-08-11,99.3,0.0,0.0
2021-08-12,99.3,0.0,0.0
2021-08-13,99.3,0.0,0.0
2021-08-14,99.3,0.0,0.0
2021-08-15,99.3,0.0,0.0
2021-08-16,99.4,0.0,0.0
2021-08-17,99.4,0.0,0.0
2021-08-18,99.4,0.0,0.0
2021-08-19,99.4,0.0,0.0
2021-08-20,99.4,0.0,0.0
2021-08-21,99.4,0.0,0.0
2021-08-22,99.4,0.0,0.0
2021-08-23,99.8,0.0,0.0
2021-08-24,99.8,0.0,0.0
2021-08-25,99.8,0.0,0.0
2021-08-26,99.8,0.0,0.0
2021-08-27,99.8,0.0,0.0
2021-08-28,99.8,0.0,0.0
2021-08-29,99.8,0.0,0.0
2021-08-30,99.8,0.0,0.0
2021-08-31,99.8,0.0,0.0
2021-09-01,99.8,0.0,0.0
2021-09-02,99.8,0.0,0.0
2021-09-03,99.8,0.0,0.0
2021-09-04,99.8,0.0,0.0
2021-09-05,99.8,0.0,0.0
2021-09-06,100.0,0.0,0.0
2021-09-07,100.0,0.0,0.0
2021-09-08,100.0,0.0,0.0
2021-09-09,100.0,0.0,0.0
2021-09-10,100.0,0.0,0.0
2021-09-11,100.0,0.0,0.0
2021-09-12,100.0,0.0,0.0
2021-09-13,99.9,0.0,0.0
2021-09-14,99.9,0.0,0.0
2021-09-15,99.9,0.0,0.0
2021-09-16,99.9,0.0,0.0
2021-09-17,99.9,0.0,0.0
2021-09-18,99.9,0.0,0.0
2021-09-19,99.9,0.0,0.0
2021-09-20,99.9,0.0,0.0
2021-09-21,99.9,0.0,0.0
2021-09-22,99.9,0.0,0.0
2021-09-23,99.9,0.0,0.0
2021-09-24,99.9,0.0,0.0
2021-09-25,99.9,0.0,0.0
2021-09-26,99.9,0.0,0.0
2021-09-27,100.0,0.0,0.0
2021-09-28,100.0,0.0,0.0
2021-09-29,100.0,0.0,0.0
2021-09-30,100.0,0.0,0.0
2021-10-01,100.0,0.0,0.0
2021-10-02,100.0,0.0,0.0
2021-10-03,100.0,0.0,0.0
2021-10-04,99.9,0.0,0.0
2021-10-05,99.9,0.0,0.0
2021-10-06,99.9,0.0,0.0
2021-10-07,99.9,0.0,0.0
2021-10-08,99.9,0.0,0.0
2021-10-09,99.9,0.0,0.0
2021-10-10,99.9,0.0,0.0
2021-10-11,100.0,0.0,0.0
2021-10-12,100.0,0.0,0.0
2021-10-13,100.0,0.0,0.0
2021-10-14,100.0,0.0,0.0
2021-10-15,100.0,0.0,0.0
2021-10-16,100.0,0.0,0.0
2021-10-17,100.0,0.0,0.0
2021-10-18,100.0,0.0,0.0
2021-10-19,100.0,0.0,0.0
2021-10-20,100.0,0.0,0.0
2021-10-21,100.0,0.0,0.0
2021-10-22,100.0,0.0,0.0
2021-10-23,100.0,0.0,0.0
2021-10-24,100.0,0.0,0.0
2021-10-25,100.0,0.0,0.0
2021-10-26,100.0,0.0,0.0
2021-10-27,100.0,0.0,0.0
2021-10-28,100.0,0.0,0.0
2021-10-29,100.0,0.0,0.0
2021-10-30,100.0,0.0,0.0
2021-10-31,100.0,0.0,0.0
2021-11-01,100.0,0.0,0.0
2021-11-02,100.0,0.0,0.0
2021-11-03,100.0,0.0,0.0
2021-11-04,100.0,0.0,0.0
2021-11-05,100.0,0.0,0.0
2021-11-06,100.0,0.0,0.0
2021-11-07,100.0,0.0,0.0
2021-11-08,99.9,0.0,0.0
2021-11-09,99.9,0.0,0.0
2021-11-10,99.9,0.0,0.0
2021-11-11,99.9,0.0,0.0
2021-11-12,99.9,0.0,0.0
2021-11-13,99.9,0.0,0.0
2021-11-14,99.9,0.0,0.0
2021-11-15,100.0,0.0,0.0
2021-11-16,100.0,0.0,0.0
2021-11-17,100.0,0.0,0.0
2021-11-18,100.0,0.0,0.0
2021-11-19,100.0,0.0,0.0
2021-11-20,100.0,0.0,0.0
2021-11-21,100.0,0.0,0.0
2021-11-22,99.8,0.2,0.0
2021-11-23,99.8,0.2,0.0
2021-11-24,99.8,0.2,0.0
2021-11-25,99.8,0.2,0.0
2021-11-26,99.8,0.2,0.0
2021-11-27,99.8,0.2,0.0
2021-11-28,99.8,0.2,0.0
2021-11-29,99.3,0.7,0.0
2021-11-30,99.3,0.7,0.0
2021-12-01,99.3,0.7,0.0
2021-12-02,99.3,0.7,0.0
2021-12-03,99.3,0.7,0.0
2021-12-04,99.3,0.7,0.0
2021-12-05,99.3,0.7,0.0
2021-12-06,97.5,2.4,0.0
2021-12-07,97.5,2.4,0.0
2021-12-08,97.5,2.4,0.0
2021-12-09,97.5,2.4,0.0
2021-12-10,97.5,2.4,0.0
2021-12-11,97.5,2.4,0.0
2021-12-12,97.5,2.4,0.0
2021-12-13,89.9,9.8,0.0
2021-12-14,89.9,9.8,0.0
2021-12-15,89.9,9.8,0.0
2021-12-16,89.9,9.8,0.0
2021-12-17,89.9,9.8,0.0
2021-12-18,89.9,9.8,0.0
2021-12-19,89.9,9.8,0.0
2021-12-20,77.1,22.3,0.0
2021-12-21,77.1,22.3,0.0
2021-12-22,77.1,22.3,0.0
2021-12-23,77.1,22.3,0.0
2021-12-24,77.1,22.3,0.0
2021-12-25,77.1,22.3,0.0
2021-12-26,77.1,22.3,0.0
2021-12-27,46.5,52.900000000000006,0.0
2021-12-28,46.5,52.900000000000006,0.0
2021-12-29,46.5,52.900000000000006,0.0
2021-12-30,46.5,52.900000000000006,0.0
2021-12-31,46.5,52.900000000000006,0.0
2022-01-01,46.5,52.900000000000006,0.0
2022-01-02,46.5,52.900000000000006,0.0
2022-01-03,30.7,68.5,0.0
2022-01-04,30.7,68.5,0.0
2022-01-05,30.7,68.5,0.0
2022-01-06,30.7,68.5,0.0
2022-01-07,30.7,68.5,0.0
2022-01-08,30.7,68.5,0.0
2022-01-09,30.7,68.5,0.0
2022-01-10,12.8,86.5,0.0
2022-01-11,12.8,86.5,0.0
2022-01-12,12.8,86.5,0.0
2022-01-13,12.8,86.5,0.0
2022-01-14,12.8,86.5,0.0
2022-01-15,12.8,86.5,0.0
2022-01-16,12.8,86.5,0.0
2022-01-17,3.8,95.8,0.0
2022-01-18,3.8,95.8,0.0
2022-01-19,3.8,95.8,0.0
2022-01-20,3.8,95.8,0.0
2022-01-21,3.8,95.8,0.0
2022-01-22,3.8,95.8,0.0
2022-01-23,3.8,95.8,0.0
2022-01-24,1.6,97.9,0.0
2022-01-25,1.6,97.9,0.0
2022-01-26,1.6,97.9,0.0
2022-01-27,1.6,97.9,0.0
2022-01-28,1.6,97.9,0.0
2022-01-29,1.6,97.9,0.0
2022-01-30,1.6,97.9,0.0
2022-01-31,0.4,99.2,0.0
2022-02-01,0.4,99.2,0.0
2022-02-02,0.4,99.2,0.0
2022-02-03,0.4,99.2,0.0
2022-02-04,0.4,99.2,0.0
2022-02-05,0.4,99.2,0.0
2022-02-06,0.4,99.2,0.0
2022-02-07,0.1,99.5,0.0
2022-02-08,0.1,99.5,0.0
2022-02-09,0.1,99.5,0.0
2022-02-10,0.1,99.5,0.0
2022-02-11,0.1,99.5,0.0
2022-02-12,0.1,99.5,0.0
2022-02-13,0.1,99.5,0.0
2022-02-14,0.0,99.6,0.0
2022-02-15,0.0,99.6,0.0
2022-02-16,0.0,99.6,0.0
2022-02-17,0.0,99.6,0.0
2022-02-18,0.0,99.6,0.0
2022-02-19,0.0,99.6,0.0
2022-02-20,0.0,99.6,0.0
2022-02-21,0.0,99.8,0.0
2022-02-22,0.0,99.8,0.0
2022-02-23,0.0,99.8,0.0
2022-02-24,0.0,99.8,0.0
2022-02-25,0.0,99.8,0.0
2022-02-26,0.0,99.8,0.0
2022-02-27,0.0,99.8,0.0
2022-02-28,0.0,99.30000000000001,0.0
2022-03-01,0.0,99.30000000000001,0.0
2022-03-02,0.0,99.30000000000001,0.0
2022-03-03,0.0,99.30000000000001,0.0
2022-03-04,0.0,99.30000000000001,0.0
2022-03-05,0.0,99.30000000000001,0.0
2022-03-06,0.0,99.30000000000001,0.0
2022-03-07,0.0,99.5,0.0
2022-03-08,0.0,99.5,0.0
2022-03-09,0.0,99.5,0.0
2022-03-10,0.0,99.5,0.0
2022-03-11,0.0,99.5,0.0
2022-03-12,0.0,99.5,0.0
2022-03-13,0.0,99.5,0.0
2022-03-14,0.0,99.5,0.0
2022-03-15,0.0,99.5,0.0
2022-03-16,0.0,99.5,0.0
2022-03-17,0.0,99.5,0.0
2022-03-18,0.0,99.5,0.0
2022-03-19,0.0,99.5,0.0
2022-03-20,0.0,99.5,0.0
2022-03-21,0.0,99.7,0.0
2022-03-22,0.0,99.7,0.0
2022-03-23,0.0,99.7,0.0
2022-03-24,0.0,99.7,0.0
2022-03-25,0.0,99.7,0.0
2022-03-26,0.0,99.7,0.0
2022-03-27,0.0,99.7,0.0
2022-03-28,0.0,99.60000000000001,0.0
2022-03-29,0.0,99.60000000000001,0.0
2022-03-30,0.0,99.60000000000001,0.0
2022-03-31,0.0,99.60000000000001,0.0
2022-04-01,0.0,99.60000000000001,0.0
2022-04-02,0.0,99.60000000000001,0.0
2022-04-03,0.0,99.60000000000001,0.0
2022-04-04,0.0,99.39999999999999,0.1
2022-04-05,0.0,99.39999999999999,0.1
2022-04-06,0.0,99.39999999999999,0.1
2022-04-07,0.0,99.39999999999999,0.1
2022-04-08,0.0,99.39999999999999,0.1
2022-04-09,0.0,99.39999999999999,0.1
2022-04-10,0.0,99.39999999999999,0.1
2022-04-11,0.0,99.4,0.2
2022-04-12,0.0,99.4,0.2
2022-04-13,0.0,99.4,0.2
2022-04-14,0.0,99.4,0.2
2022-04-15,0.0,99.4,0.2
2022-04-16,0.0,99.4,0.2
2022-04-17,0.0,99.4,0.2
2022-04-18,0.0,99.0,0.30000000000000004
2022-04-19,0.0,99.0,0.30000000000000004
2022-04-20,0.0,99.0,0.30000000000000004
2022-04-21,0.0,99.0,0.30000000000000004
2022-04-22,0.0,99.0,0.30000000000000004
2022-04-23,0.0,99.0,0.30000000000000004
2022-04-24,0.0,99.0,0.30000000000000004
2022-04-25,0.0,98.6,0.7999999999999999
2022-04-26,0.0,98.6,0.7999999999999999
2022-04-27,0.0,98.6,0.7999999999999999
2022-04-28,0.0,98.6,0.7999999999999999
2022-04-29,0.0,98.6,0.7999999999999999
2022-04-30,0.0,98.6,0.7999999999999999
2022-05-01,0.0,98.6,0.7999999999999999
2022-05-02,0.0,97.2,2.2
2022-05-03,0.0,97.2,2.2
2022-05-04,0.0,97.2,2.2
2022-05-05,0.0,97.2,2.2
2022-05-06,0.0,97.2,2.2
2022-05-07,0.0,97.2,2.2
2022-05-08,0.0,97.2,2.2
2022-05-09,0.0,95.3,4.0
2022-05-10,0.0,95.3,4.0
2022-05-11,0.0,95.3,4.0
2022-05-12,0.0,95.3,4.0
2022-05-13,0.0,95.3,4.0
2022-05-14,0.0,95.3,4.0
2022-05-15,0.0,95.3,4.0
2022-05-16,0.0,91.39999999999999,8.0
2022-05-17,0.0,91.39999999999999,8.0
2022-05-18,0.0,91.39999999999999,8.0
2022-05-19,0.0,91.39999999999999,8.0
2022-05-20,0.0,91.39999999999999,8.0
2022-05-21,0.0,91.39999999999999,8.0
2022-05-22,0.0,91.39999999999999,8.0
2022-05-23,0.0,81.8,17.5
2022-05-24,0.0,81.8,17.5
2022-05-25,0.0,81.8,17.5
2022-05-26,0.0,81.8,17.5
2022-05-27,0.0,81.8,17.5
2022-05-28,0.0,81.8,17.5
2022-05-29,0.0,81.8,17.5
2022-05-30,0.0,62.2,37.1
2022-05-31,0.0,62.2,37.1
2022-06-01,0.0,62.2,37.1
2022-06-02,0.0,62.2,37.1
2022-06-03,0.0,62.2,37.1
2022-06-04,0.0,62.2,37.1
2022-06-05,0.0,62.2,37.1
2022-06-06,0.0,41.3,58.0
2022-06-07,0.0,41.3,58.0
2022-06-08,0.0,41.3,58.0
2022-06-09,0.0,41.3,58.0
2022-06-10,0.0,41.3,58.0
2022-06-11,0.0,41.3,58.0
2022-06-12,0.0,41.3,58.0
2022-06-13,0.0,26.5,73.0
2022-06-14,0.0,26.5,73.0
2022-06-15,0.0,26.5,73.0
2022-06-16,0.0,26.5,73.0
2022-06-17,0.0,26.5,73.0
2022-06-18,0.0,26.5,73.0
2022-06-19,0.0,26.5,73.0
2022-06-20,0.0,15.8,83.60000000000001
2022-06-21,0.0,15.8,83.60000000000001
2022-06-22,0.0,15.8,83.60000000000001
2022-06-23,0.0,15.8,83.60000000000001
2022-06-24,0.0,15.8,83.60000000000001
2022-06-25,0.0,15.8,83.60000000000001
2022-06-26,0.0,15.8,83.60000000000001
2022-06-27,0.0,9.6,90.0
2022-06-28,0.0,9.6,90.0
2022-06-29,0.0,9.6,90.0
2022-06-30,0.0,9.6,90.0
2022-07-01,0.0,9.6,90.0
2022-07-02,0.0,9.6,90.0
2022-07-03,0.0,9.6,90.0
2022-07-04,0.0,6.6,93.10000000000001
2022-07-05,0.0,6.6,93.10000000000001
2022-07-06,0.0,6.6,93.10000000000001
2022-07-07,0.0,6.6,93.10000000000001
2022-07-08,0.0,6.6,93.10000000000001
2022-07-09,0.0,6.6,93.10000000000001
2022-07-10,0.0,6.6,93.10000000000001
2022-07-11,0.0,4.4,95.10000000000001
2022-07-12,0.0,4.4,95.10000000000001
2022-07-13,0.0,4.4,95.10000000000001
2022-07-14,0.0,4.4,95.10000000000001
2022-07-15,0.0,4.4,95.10000000000001
2022-07-16,0.0,4.4,95.10000000000001
2022-07-17,0.0,4.4,95.10000000000001
2022-07-18,0.0,2.8,96.89999999999999
2022-07-19,0.0,2.8,96.89999999999999
2022-07-20,0.0,2.8,96.89999999999999
2022-07-21,0.0,2.8,96.89999999999999
2022-07-22,0.0,2.8,96.89999999999999
2022-07-23,0.0,2.8,96.89999999999999
2022-07-24,0.0,2.8,96.89999999999999
2022-07-25,0.0,1.4,98.30000000000001
2022-07-26,0.0,1.4,98.30000000000001
2022-07-27,0.0,1.4,98.30000000000001
2022-07-28,0.0,1.4,98.30000000000001
2022-07-29,0.0,1.4,98.30000000000001
2022-07-30,0.0,1.4,98.30000000000001
2022-07-31,0.0,1.4,98.30000000000001
2022-08-01,0.0,1.0,98.7
2022-08-02,0.0,1.0,98.7
2022-08-03,0.0,1.0,98.7
2022-08-04,0.0,1.0,98.7
2022-08-05,0.0,1.0,98.7
2022-08-06,0.0,1.0,98.7
2022-08-07,0.0,1.0,98.7
2022-08-08,0.0,1.0,98.6
2022-08-09,0.0,1.0,98.6
2022-08-10,0.0,1.0,98.6
2022-08-11,0.0,1.0,98.6
2022-08-12,0.0,1.0,98.6
2022-08-13,0.0,1.0,98.6
2022-08-14,0.0,1.0,98.6
2022-08-15,0.0,0.6,99.1
2022-08-16,0.0,0.6,99.1
2022-08-17,0.0,0.6,99.1
2022-08-18,0.0,0.6,99.1
2022-08-19,0.0,0.6,99.1
2022-08-20,0.0,0.6,99.1
2022-08-21,0.0,0.6,99.1
2022-08-22,0.0,0.9,98.8
2022-08-23,0.0,0.9,98.8
2022-08-24,0.0,0.9,98.8
2022-08-25,0.0,0.9,98.8
2022-08-26,0.0,0.9,98.8
2022-08-27,0.0,0.9,98.8
2022-08-28,0.0,0.9,98.8
2022-08-29,0.0,1.2,98.5
2022-08-30,0.0,1.2,98.5
2022-08-31,0.0,1.2,98.5
2022-09-01,0.0,1.2,98.5
2022-09-02,0.0,1.2,98.5
2022-09-03,0.0,1.2,98.5
2022-09-04,0.0,1.2,98.5
2022-09-05,0.0,0.6,99.2
2022-09-06,0.0,0.6,99.2
2022-09-07,0.0,0.6,99.2
2022-09-08,0.0,0.6,99.2
2022-09-09,0.0,0.6,99.2
2022-09-10,0.0,0.6,99.2
2022-09-11,0.0,0.6,99.2
2022-09-12,0.0,0.9,99.0
2022-09-13,0.0,0.9,99.0
2022-09-14,0.0,0.9,99.0
2022-09-15,0.0,0.9,99.0
2022-09-16,0.0,0.9,99.0
2022-09-17,0.0,0.9,99.0
2022-09-18,0.0,0.9,99.0
2022-09-19,0.0,1.1,98.60000000000001
2022-09-20,0.0,1.1,98.60000000000001
2022-09-21,0.0,1.1,98.60000000000001
2022-09-22,0.0,1.1,98.60000000000001
2022-09-23,0.0,1.1,98.60000000000001
2022-09-24,0.0,1.1,98.60000000000001
2022-09-25,0.0,1.1,98.60000000000001
2022-09-26,0.0,1.5,98.2
2022-09-27,0.0,1.5,98.2
2022-09-28,0.0,1.5,98.2
2022-09-29,0.0,1.5,98.2
2022-09-30,0.0,1.5,98.2
2022-10-01,0.0,1.5,98.2
2022-10-02,0.0,1.5,98.2
2022-10-03,0.0,1.7,97.9
2022-10-04,0.0,1.7,97.9
2022-10-05,0.0,1.7,97.9
2022-10-06,0.0,1.7,97.9
2022-10-07,0.0,1.7,97.9
2022-10-08,0.0,1.7,97.9
2022-10-09,0.0,1.7,97.9
2022-10-10,0.0,2.3,97.4
2022-10-11,0.0,2.3,97.4
2022-10-12,0.0,2.3,97.4
2022-10-13,0.0,2.3,97.4
2022-10-14,0.0,2.3,97.4
2022-10-15,0.0,2.3,97.4
2022-10-16,0.0,2.3,97.4
2022-10-17,0.0,2.2,97.4
2022-10-18,0.0,2.2,97.4
2022-10-19,0.0,2.2,97.4
2022-10-20,0.0,2.2,97.4
2022-10-21,0.0,2.2,97.4
2022-10-22,0.0,2.2,97.4
2022-10-23,0.0,2.2,97.4
2022-10-24,0.0,3.2,96.39999999999999
2022-10-25,0.0,3.2,96.39999999999999
2022-10-26,0.0,3.2,96.39999999999999
2022-10-27,0.0,3.2,96.39999999999999
2022-10-28,0.0,3.2,96.39999999999999
2022-10-29,0.0,3.2,96.39999999999999
2022-10-30,0.0,3.2,96.39999999999999
2022-10-31,0.0,3.6,95.60000000000001
2022-11-01,0.0,3.6,95.60000000000001
2022-11-02,0.0,3.6,95.60000000000001
2022-11-03,0.0,3.6,95.60000000000001
2022-11-04,0.0,3.6,95.60000000000001
2022-11-05,0.0,3.6,95.60000000000001
2022-11-06,0.0,3.6,95.60000000000001
2022-11-07,0.0,4.6,94.4
2022-11-08,0.0,4.6,94.4
2022-11-09,0.0,4.6,94.4
2022-11-10,0.0,4.6,94.4
2022-11-11,0.0,4.6,94.4
2022-11-12,0.0,4.6,94.4
2022-11-13,0.0,4.6,94.4
2022-11-14,0.0,5.2,92.8
2022-11-15,0.0,5.2,92.8
2022-11-16,0.0,5.2,92.8
2022-11-17,0.0,5.2,92.8
2022-11-18,0.0,5.2,92.8
2022-11-19,0.0,5.2,92.8
2022-11-20,0.0,5.2,92.8
2022-11-21,0.0,6.1,92.5
2022-11-22,0.0,6.1,92.5
2022-11-23,0.0,6.1,92.5
2022-11-24,0.0,6.1,92.5
2022-11-25,0.0,6.1,92.5
2022-11-26,0.0,6.1,92.5
2022-11-27,0.0,6.1,92.5
2022-11-28,0.0,8.0,89.89999999999999
2022-11-29,0.0,8.0,89.89999999999999
2022-11-30,0.0,8.0,89.89999999999999
2022-12-01,0.0,8.0,89.89999999999999
2022-12-02,0.0,8.0,89.89999999999999
2022-12-03,0.0,8.0,89.89999999999999
2022-12-04,0.0,8.0,89.89999999999999
2022-12-05,0.0,8.9,88.8
2022-12-06,0.0,8.9,88.8
2022-12-07,0.0,8.9,88.8
2022-12-08,0.0,8.9,88.8
2022-12-09,0.0,8.9,88.8
2022-12-10,0.0,8.9,88.8
2022-12-11,0.0,8.9,88.8
2022-12-12,0.0,9.6,87.8
2022-12-13,0.0,9.6,87.8
2022-12-14,0.0,9.6,87.8
2022-12-15,0.0,9.6,87.8
2022-12-16,0.0,9.6,87.8
2022-12-17,0.0,9.6,87.8
2022-12-18,0.0,9.6,87.8
2022-12-19,0.0,10.5,86.7
2022-12-20,0.0,10.5,86.7
2022-12-21,0.0,10.5,86.7
2022-12-22,0.0,10.5,86.7
2022-12-23,0.0,10.5,86.7
2022-12-24,0.0,10.5,86.7
2022-12-25,0.0,10.5,86.7
2022-12-26,0.0,12.2,84.3
2022-12-27,0.0,12.2,84.3
2022-12-28,0.0,12.2,84.3
2022-12-29,0.0,12.2,84.3
2022-12-30,0.0,12.2,84.3
2022-12-31,0.0,12.2,84.3
2023-01-01,0.0,12.2,84.3
2023-01-02,0.0,15.7,79.3
2023-01-03,0.0,15.7,79.3
2023-01-04,0.0,15.7,79.3
2023-01-05,0.0,15.7,79.3
2023-01-06,0.0,15.7,79.3
2023-01-07,0.0,15.7,79.3
2023-01-08,0.0,15.7,79.3
2023-01-09,0.0,16.3,76.5
2023-01-10,0.0,16.3,76.5
2023-01-11,0.0,16.3,76.5
2023-01-12,0.0,16.3,76.5
2023-01-13,0.0,16.3,76.5
2023-01-14,0.0,16.3,76.5
2023-01-15,0.0,16.3,76.5
2023-01-16,0.0,18.6,68.2
2023-01-17,0.0,18.6,68.2
2023-01-18,0.0,18.6,68.2
2023-01-19,0.0,18.6,68.2
2023-01-20,0.0,18.6,68.2
2023-01-21,0.0,18.6,68.2
2023-01-22,0.0,18.6,68.2
2023-01-23,0.0,20.7,62.0
2023-01-24,0.0,20.7,62.0
2023-01-25,0.0,20.7,62.0
2023-01-26,0.0,20.7,62.0
2023-01-27,0.0,20.7,62.0
2023-01-28,0.0,20.7,62.0
2023-01-29,0.0,20.7,62.0
2023-01-30,0.0,22.0,53.0
2023-01-31,0.0,22.0,53.0
2023-02-01,0.0,22.0,53.0
2023-02-02,0.0,22.0,53.0
2023-02-03,0.0,22.0,53.0
2023-02-04,0.0,22.0,53.0
2023-02-05,0.0,22.0,53.0
2023-02-06,0.0,21.0,47.5
2023-02-07,0.0,21.0,47.5
2023-02-08,0.0,21.0,47.5
2023-02-09,0.0,21.0,47.5
2023-02-10,0.0,21.0,47.5
2023-02-11,0.0,21.0,47.5
2023-02-12,0.0,21.0,47.5
2023-02-13,0.0,20.4,37.9
2023-02-14,0.0,20.4,37.9
2023-02-15,0.0,20.4,37.9
2023-02-16,0.0,20.4,37.9
2023-02-17,0.0,20.4,37.9
2023-02-18,0.0,20.4,37.9
2023-02-19,0.0,20.4,37.9
2023-02-20,0.0,19.3,28.8
2023-02-21,0.0,19.3,28.8
2023-02-22,0.0,19.3,28.8
2023-02-23,0.0,19.3,28.8
2023-02-24,0.0,19.3,28.8
2023-02-25,0.0,19.3,28.8
2023-02-26,0.0,19.3,28.8
2023-02-27,0.0,15.9,22.4
2023-02-28,0.0,15.9,22.4
2023-03-01,0.0,15.9,22.4
2023-03-02,0.0,15.9,22.4
2023-03-03,0.0,15.9,22.4
2023-03-04,0.0,15.9,22.4
2023-03-05,0.0,15.9,22.4
2023-03-06,0.0,13.7,18.7
2023-03-07,0.0,13.7,18.7
2023-03-08,0.0,13.7,18.7
2023-03-09,0.0,13.7,18.7
2023-03-10,0.0,13.7,18.7
2023-03-11,0.0,13.7,18.7
2023-03-12,0.0,13.7,18.7
2023-03-13,0.0,11.5,15.2
2023-03-14,0.0,11.5,15.2
2023-03-15,0.0,11.5,15.2
2023-03-16,0.0,11.5,15.2
2023-03-17,0.0,11.5,15.2
2023-03-18,0.0,11.5,15.2
2023-03-19,0.0,11.5,15.2
2023-03-20,0.0,10.1,11.0
2023-03-21,0.0,10.1,11.0
2023-03-22,0.0,10.1,11.0
2023-03-23,0.0,10.1,11.0
2023-03-24,0.0,10.1,11.0
2023-03-25,0.0,10.1,11.0
2023-03-26,0.0,10.1,11.0
2023-03-27,0.0,9.2,11.5
2023-03-28,0.0,9.2,11.5
2023-03-29,0.0,9.2,11.5
2023-03-30,0.0,9.2,11.5
2023-03-31,0.0,9.2,11.5
2023-04-01,0.0,9.2,11.5
2023-04-02,0.0,9.2,11.5
2023-04-03,0.0,8.4,9.0
2023-04-04,0.0,8.4,9.0
2023-04-05,0.0,8.4,9.0
2023-04-06,0.0,8.4,9.0
2023-04-07,0.0,8.4,9.0
2023-04-08,0.0,8.4,9.0
2023-04-09,0.0,8.4,9.0
2023-04-10,0.0,6.7,7.5
2023-04-11,0.0,6.7,7.5
2023-04-12,0.0,6.7,7.5
2023-04-13,0.0,6.7,7.5
2023-04-14,0.0,6.7,7.5
2023-04-15,0.0,6.7,7.5
2023-04-16,0.0,6.7,7.5
2023-04-17,0.0,6.0,6.3
2023-04-18,0.0,6.0,6.3
2023-04-19,0.0,6.0,6.3
2023-04-20,0.0,6.0,6.3
2023-04-21,0.0,6.0,6.3
2023-04-22,0.0,6.0,6.3
2023-04-23,0.0,6.0,6.3
2023-04-24,0.0,6.8,3.8
2023-04-25,0.0,6.8,3.8
2023-04-26,0.0,6.8,3.8
2023-04-27,0.0,6.8,3.8
2023-04-28,0.0,6.8,3.8
2023-04-29,0.0,6.8,3.8
2023-04-30,0.0,6.8,3.8
2023-05-01,0.0,7.3,3.7
2023-05-02,0.0,7.3,3.7
2023-05-03,0.0,7.3,3.7
2023-05-04,0.0,7.3,3.7
2023-05-05,0.0,7.3,3.7
2023-05-06,0.0,7.3,3.7
2023-05-07,0.0,7.3,3.7
2023-05-08,0.0,6.0,1.5
2023-05-09,0.0,6.0,1.5
2023-05-10,0.0,6.0,1.5
2023-05-11,0.0,6.0,1.5
2023-05-12,0.0,6.0,1.5
2023-05-13,0.0,6.0,1.5
2023-05-14,0.0,6.0,1.5
2023-05-15,0.0,0.0,0.0
2023-05-16,0.0,0.0,0.0
2023-05-17,0.0,0.0,0.0
2023-05-18,0.0,0.0,0.0
2023-05-19,0.0,0.0,0.0
2023-05-20,0.0,0.0,0.0
2023-05-21,0.0,0.0,0.0
2023-05-22,0.0,0.0,0.0
