Refdatum,AnzahlFall,daily,current
2020-01-01,0.0,20,0.0
2020-01-02,0.0,18,0.0
2020-01-03,0.0,21,0.0
2020-01-04,0.0,25,0.0
2020-01-05,0.0,22,0.0
2020-01-06,0.0,12,0.0
2020-01-07,18.428571428571427,11,0.0
2020-01-08,16.571428571428573,7,0.0
2020-01-09,15.142857142857142,8,0.0
2020-01-10,12.857142857142858,5,0.0
2020-01-11,10.428571428571429,8,0.0
2020-01-12,8.714285714285714,10,0.0
2020-01-13,8.142857142857142,8,0.0
2020-01-14,7.571428571428571,7,0.0
2020-01-15,7.714285714285714,8,105.57142857142856
2020-01-16,7.714285714285714,8,113.28571428571426
2020-01-17,8.0,7,121.28571428571426
2020-01-18,7.428571428571429,4,128.7142857142857
2020-01-19,7.285714285714286,9,135.99999999999997
2020-01-20,8.428571428571429,16,144.4285714285714
2020-01-21,8.142857142857142,5,134.1428571428571
2020-01-22,8.857142857142858,13,126.42857142857139
2020-01-23,8.571428571428571,6,119.85714285714283
2020-01-24,9.0,10,115.99999999999997
2020-01-25,9.285714285714286,6,114.85714285714282
2020-01-26,8.857142857142858,6,114.99999999999997
2020-01-27,8.571428571428571,14,115.42857142857142
2020-01-28,9.285714285714286,10,117.14285714285712
2020-01-29,9.285714285714286,13,118.7142857142857
2020-01-30,10.428571428571429,14,121.4285714285714
2020-01-31,11.428571428571429,17,124.85714285714282
2020-02-01,12.142857142857142,11,129.57142857142853
2020-02-02,13.285714285714286,14,135.57142857142853
2020-02-03,12.142857142857142,6,139.28571428571428
2020-02-04,11.428571428571429,5,142.57142857142858
2020-02-05,10.571428571428571,7,144.28571428571428
2020-02-06,8.857142857142858,2,144.57142857142853
2020-02-07,7.142857142857143,5,142.7142857142857
2020-02-08,6.0,3,139.42857142857142
2020-02-09,5.0,7,135.57142857142856
2020-02-10,6.428571428571429,16,133.42857142857142
2020-02-11,7.714285714285714,14,131.85714285714286
2020-02-12,7.857142857142857,8,130.42857142857142
2020-02-13,8.142857142857142,4,128.14285714285717
2020-02-14,8.714285714285714,9,125.42857142857147
2020-02-15,10.857142857142858,18,124.14285714285717
2020-02-16,12.0,15,122.85714285714289
2020-02-17,11.571428571428571,13,122.28571428571428
2020-02-18,12.0,17,122.85714285714283
2020-02-19,12.857142857142858,14,125.14285714285711
2020-02-20,17.0,33,133.28571428571428
2020-02-21,18.428571428571427,19,144.57142857142856
2020-02-22,20.0,29,158.57142857142856
2020-02-23,24.142857142857142,44,177.71428571428572
2020-02-24,32.285714285714285,70,203.57142857142856
2020-02-25,45.57142857142857,110,241.4285714285714
2020-02-26,66.71428571428571,162,300.2857142857142
2020-02-27,85.0,161,377.14285714285705
2020-02-28,114.0,222,482.42857142857133
2020-02-29,137.14285714285714,191,608.7142857142856
2020-03-01,164.57142857142858,236,761.2857142857142
2020-03-02,197.28571428571428,299,946.9999999999998
2020-03-03,226.14285714285714,312,1161.1428571428569
2020-03-04,262.57142857142856,417,1410.8571428571427
2020-03-05,304.7142857142857,456,1698.5714285714284
2020-03-06,370.0,679,2050.142857142857
2020-03-07,459.85714285714283,820,2489.9999999999995
2020-03-08,585.2857142857143,1114,3051.1428571428564
2020-03-09,796.8571428571429,1780,3815.714285714285
2020-03-10,1076.5714285714287,2270,4846.714285714284
2020-03-11,1422.7142857142858,2840,6202.714285714284
2020-03-12,1809.0,3160,7926.714285714284
2020-03-13,2272.714285714286,3925,10085.42857142857
2020-03-14,2714.0,3909,12662.285714285714
2020-03-15,3134.4285714285716,4057,15632.142857142855
2020-03-16,3665.285714285714,5496,19100.142857142855
2020-03-17,4047.4285714285716,4945,22921.428571428572
2020-03-18,4377.428571428572,5150,27036.285714285714
2020-03-19,4582.571428571428,4596,31314.142857142855
2020-03-20,4765.571428571428,5206,35709.71428571428
2020-03-21,4812.571428571428,4238,40062.428571428565
2020-03-22,4721.571428571428,3420,44198.71428571428
2020-03-23,4645.0,4960,48046.85714285714
2020-03-24,4516.857142857143,4048,51487.142857142855
2020-03-25,4433.571428571428,4567,54498.0
2020-03-26,4386.0,4263,57075.00000000001
2020-03-27,4276.571428571428,4440,59078.85714285715
2020-03-28,4235.714285714285,3952,60600.57142857144
2020-03-29,4179.571428571428,3027,61645.714285714304
2020-03-30,4094.1428571428573,4362,62074.57142857145
2020-03-31,4082.285714285714,3965,62109.42857142859
2020-04-01,4066.4285714285716,4456,61798.42857142858
2020-04-02,4062.4285714285716,4235,61278.28571428572
2020-04-03,4052.1428571428573,4368,60564.857142857145
2020-04-04,3953.714285714286,3263,59706.00000000001
2020-04-05,3899.285714285714,2646,58883.71428571429
2020-04-06,3777.1428571428573,3507,58015.857142857145
2020-04-07,3703.0,3446,57202.0
2020-04-08,3560.5714285714284,3459,56329.00000000001
2020-04-09,3425.285714285714,3288,55368.28571428571
2020-04-10,3168.1428571428573,2568,54259.85714285713
2020-04-11,3033.8571428571427,2323,53057.999999999985
2020-04-12,2928.285714285714,1907,51806.71428571426
2020-04-13,2682.4285714285716,1786,50394.999999999985
2020-04-14,2484.4285714285716,2060,48797.142857142855
2020-04-15,2309.714285714286,2236,47040.42857142858
2020-04-16,2146.714285714286,2147,45124.714285714304
2020-04-17,2092.285714285714,2187,43164.85714285716
2020-04-18,1997.4285714285713,1659,41208.57142857145
2020-04-19,1911.142857142857,1303,39220.42857142861
2020-04-20,1888.142857142857,1625,37331.42857142862
2020-04-21,1810.0,1513,35438.42857142862
2020-04-22,1734.7142857142858,1709,33612.57142857148
2020-04-23,1652.2857142857142,1570,31839.57142857148
2020-04-24,1547.5714285714287,1454,30219.000000000044
2020-04-25,1471.7142857142858,1128,28656.85714285719
2020-04-26,1399.0,794,27127.57142857148
2020-04-27,1334.142857142857,1171,25779.28571428577
2020-04-28,1272.142857142857,1079,24567.00000000006
2020-04-29,1184.0,1092,23441.28571428577
2020-04-30,1122.0,1136,22416.57142857148
2020-05-01,1038.2857142857142,868,21362.57142857148
2020-05-02,976.0,692,20341.1428571429
2020-05-03,947.2857142857143,593,19377.28571428574
2020-05-04,898.8571428571429,832,18388.0
2020-05-05,872.7142857142857,896,17450.71428571429
2020-05-06,847.4285714285714,915,16563.42857142858
2020-05-07,806.0,846,15717.14285714287
2020-05-08,797.0,805,14966.57142857145
2020-05-09,784.8571428571429,607,14279.71428571429
2020-05-10,764.0,447,13644.71428571429
2020-05-11,742.5714285714286,682,13053.14285714284
2020-05-12,705.8571428571429,639,12486.857142857101
2020-05-13,676.2857142857143,708,11979.142857142811
2020-05-14,645.5714285714286,631,11502.714285714232
2020-05-15,636.1428571428571,739,11100.571428571391
2020-05-16,622.1428571428571,509,10746.71428571426
2020-05-17,614.5714285714286,394,10413.99999999997
2020-05-18,606.1428571428571,623,10121.28571428571
2020-05-19,590.7142857142857,531,9839.28571428571
2020-05-20,590.5714285714286,707,9582.42857142855
2020-05-21,558.5714285714286,407,9334.99999999997
2020-05-22,515.2857142857143,436,9053.285714285681
2020-05-23,493.14285714285717,354,8761.57142857142
2020-05-24,478.7142857142857,293,8476.28571428571
2020-05-25,454.7142857142857,455,8188.42857142858
2020-05-26,459.14285714285717,562,7941.714285714319
2020-05-27,434.14285714285717,532,7699.5714285714785
2020-05-28,438.2857142857143,436,7492.285714285768
2020-05-29,430.42857142857144,381,7286.5714285714785
2020-05-30,429.7142857142857,349,7094.142857142899
2020-05-31,418.7142857142857,216,6898.285714285768
2020-06-01,387.85714285714283,239,6680.000000000029
2020-06-02,356.57142857142856,343,6445.8571428571595
2020-06-03,346.85714285714283,464,6202.14285714287
2020-06-04,347.42857142857144,440,5991.000000000029
2020-06-05,346.85714285714283,377,5822.571428571449
2020-06-06,336.57142857142856,277,5666.0
2020-06-07,332.2857142857143,186,5519.57142857142
2020-06-08,352.42857142857144,380,5417.28571428571
2020-06-09,361.85714285714283,409,5319.999999999971
2020-06-10,365.85714285714283,492,5251.714285714232
2020-06-11,346.85714285714283,307,5160.285714285652
2020-06-12,346.0,371,5075.857142857072
2020-06-13,355.14285714285717,341,5001.285714285652
2020-06-14,365.2857142857143,257,4947.857142857072
2020-06-15,369.57142857142856,410,4929.571428571362
2020-06-16,432.57142857142856,850,5005.571428571362
2020-06-17,460.85714285714283,690,5119.571428571362
2020-06-18,508.2857142857143,639,5280.428571428492
2020-06-19,570.8571428571429,809,5504.428571428492
2020-06-20,593.5714285714286,500,5761.428571428492
2020-06-21,602.2857142857143,318,6031.428571428492
2020-06-22,614.1428571428571,493,6293.142857142782
2020-06-23,564.1428571428571,500,6495.4285714285215
2020-06-24,534.8571428571429,485,6664.4285714285215
2020-06-25,513.2857142857143,488,6830.857142857101
2020-06-26,468.42857142857144,495,6953.285714285681
2020-06-27,443.85714285714283,328,7041.999999999942
2020-06-28,436.85714285714283,269,7113.571428571362
2020-06-29,431.7142857142857,457,7175.714285714232
2020-06-30,424.2857142857143,448,7167.4285714285215
2020-07-01,417.57142857142856,438,7124.142857142811
2020-07-02,405.42857142857144,403,7021.285714285681
2020-07-03,394.0,415,6844.428571428551
2020-07-04,388.85714285714283,292,6639.714285714261
2020-07-05,385.42857142857144,245,6422.85714285713
2020-07-06,374.42857142857144,380,6183.1428571428405
2020-07-07,366.14285714285717,390,5985.1428571428405
2020-07-08,359.7142857142857,393,5810.0
2020-07-09,355.7142857142857,375,5652.42857142858
2020-07-10,361.7142857142857,457,5545.71428571429
2020-07-11,370.14285714285717,351,5472.000000000029
2020-07-12,369.42857142857144,240,5404.5714285714785
2020-07-13,383.42857142857144,478,5356.285714285768
2020-07-14,395.42857142857144,474,5327.428571428638
2020-07-15,422.42857142857144,582,5332.285714285797
2020-07-16,439.85714285714283,497,5366.714285714348
2020-07-17,450.14285714285717,529,5422.857142857218
2020-07-18,472.14285714285717,505,5506.142857142957
2020-07-19,493.85714285714283,392,5614.571428571508
2020-07-20,513.0,612,5753.142857142928
2020-07-21,531.7142857142857,605,5918.714285714348
2020-07-22,546.7142857142857,687,6105.714285714348
2020-07-23,565.1428571428571,626,6315.142857142928
2020-07-24,595.4285714285714,741,6548.857142857218
2020-07-25,607.7142857142857,591,6786.428571428638
2020-07-26,618.2857142857143,466,7035.285714285768
2020-07-27,630.0,694,7281.857142857189
2020-07-28,648.2857142857143,733,7534.714285714319
2020-07-29,661.0,776,7773.285714285739
2020-07-30,679.2857142857143,754,8012.714285714319
2020-07-31,694.0,844,8256.57142857145
2020-08-01,709.2857142857143,698,8493.71428571429
2020-08-02,723.1428571428571,563,8723.00000000003
2020-08-03,755.2857142857143,919,8965.28571428574
2020-08-04,784.8571428571429,940,9218.42857142858
2020-08-05,816.2857142857143,996,9488.0
2020-08-06,860.8571428571429,1066,9783.71428571426
2020-08-07,889.8571428571429,1047,10078.142857142811
2020-08-08,909.4285714285714,835,10379.857142857101
2020-08-09,917.7142857142857,621,10679.285714285681
2020-08-10,967.2857142857143,1266,11016.571428571391
2020-08-11,1009.0,1232,11377.285714285681
2020-08-12,1074.5714285714287,1455,11790.857142857101
2020-08-13,1124.4285714285713,1415,12235.99999999997
2020-08-14,1165.5714285714287,1335,12707.571428571391
2020-08-15,1183.142857142857,958,13181.42857142855
2020-08-16,1209.5714285714287,806,13667.857142857101
2020-08-17,1251.2857142857142,1558,14163.857142857101
2020-08-18,1292.2857142857142,1519,14671.285714285681
2020-08-19,1306.7142857142858,1556,15161.71428571426
2020-08-20,1302.4285714285713,1385,15603.28571428571
2020-08-21,1327.0,1507,16040.42857142858
2020-08-22,1341.4285714285713,1059,16472.42857142858
2020-08-23,1346.7142857142858,843,16901.42857142858
2020-08-24,1338.857142857143,1503,17273.0
2020-08-25,1341.857142857143,1540,17605.85714285713
2020-08-26,1330.4285714285713,1476,17861.71428571429
2020-08-27,1335.0,1417,18072.28571428571
2020-08-28,1306.5714285714287,1308,18213.28571428571
2020-08-29,1284.4285714285713,904,18314.57142857142
2020-08-30,1275.142857142857,778,18380.14285714287
2020-08-31,1244.142857142857,1286,18373.00000000003
2020-09-01,1232.142857142857,1456,18312.85714285719
2020-09-02,1215.142857142857,1357,18221.28571428577
2020-09-03,1210.142857142857,1382,18129.00000000006
2020-09-04,1239.142857142857,1511,18041.142857142928
2020-09-05,1277.2857142857142,1171,17977.00000000006
2020-09-06,1307.857142857143,992,17938.1428571429
2020-09-07,1365.142857142857,1687,17964.428571428638
2020-09-08,1394.142857142857,1659,18016.714285714377
2020-09-09,1446.142857142857,1721,18132.428571428667
2020-09-10,1488.142857142857,1676,18285.571428571537
2020-09-11,1512.4285714285713,1681,18491.428571428696
2020-09-12,1551.7142857142858,1446,18758.714285714406
2020-09-13,1582.4285714285713,1207,19066.000000000116
2020-09-14,1623.857142857143,1977,19445.714285714406
2020-09-15,1669.142857142857,1976,19882.714285714377
2020-09-16,1718.2857142857142,2065,20385.857142857247
2020-09-17,1760.0,1968,20935.714285714377
2020-09-18,1796.142857142857,1934,21492.714285714348
2020-09-19,1799.7142857142858,1471,22015.1428571429
2020-09-20,1803.0,1230,22510.28571428577
2020-09-21,1817.7142857142858,2080,22962.85714285716
2020-09-22,1826.5714285714287,2038,23395.28571428571
2020-09-23,1834.142857142857,2118,23783.28571428568
2020-09-24,1858.0,2135,24153.14285714281
2020-09-25,1903.142857142857,2250,24543.857142857072
2020-09-26,1961.0,1876,24953.142857142782
2020-09-27,1996.5714285714287,1479,25367.285714285623
2020-09-28,2051.0,2461,25794.428571428463
2020-09-29,2125.0,2556,26250.285714285623
2020-09-30,2211.5714285714284,2724,26743.571428571304
2020-10-01,2329.285714285714,2959,27312.857142857043
2020-10-02,2485.4285714285716,3343,28002.142857142782
2020-10-03,2636.4285714285716,2933,28838.8571428571
2020-10-04,2759.4285714285716,2340,29795.28571428568
2020-10-05,2965.4285714285716,3903,30943.0
2020-10-06,3194.714285714286,4161,32311.14285714284
2020-10-07,3465.285714285714,4618,33942.28571428574
2020-10-08,3732.1428571428573,4827,35816.42857142858
2020-10-09,4017.1428571428573,5338,37930.42857142858
2020-10-10,4273.714285714285,4729,40243.14285714284
2020-10-11,4504.285714285715,3954,42750.85714285716
2020-10-12,4842.714285714285,6272,45542.57142857142
2020-10-13,5217.428571428572,6784,48635.0
2020-10-14,5681.571428571428,7867,52105.0
2020-10-15,6141.428571428572,8046,55917.14285714284
2020-10-16,6654.285714285715,8928,60086.0
2020-10-17,7062.0,7583,64511.57142857142
2020-10-18,7505.142857142857,7056,69257.28571428568
2020-10-19,8137.571428571428,10699,74429.42857142852
2020-10-20,8917.714285714286,12245,80152.42857142852
2020-10-21,9790.42857142857,13976,86477.57142857136
2020-10-22,10661.42857142857,14143,93406.8571428571
2020-10-23,11548.285714285714,15136,100938.0
2020-10-24,12318.285714285714,12973,108982.57142857148
2020-10-25,12943.142857142857,11430,117421.42857142858
2020-10-26,13764.0,16445,126342.71428571432
2020-10-27,14469.42857142857,17183,135594.71428571432
2020-10-28,15130.42857142857,18603,145043.57142857148
2020-10-29,15651.857142857143,17793,154554.00000000006
2020-10-30,16128.714285714286,18474,164028.42857142858
2020-10-31,16338.714285714286,14443,173305.1428571429
2020-11-01,16645.285714285714,13576,182445.28571428574
2020-11-02,17075.428571428572,19456,191383.14285714284
2020-11-03,17360.428571428572,19178,199825.8571428571
2020-11-04,17478.571428571428,19430,207514.0
2020-11-05,17667.85714285714,19118,214520.42857142858
2020-11-06,17764.85714285714,19153,220737.0
2020-11-07,17957.571428571428,15792,226376.28571428574
2020-11-08,17787.0,12382,231220.1428571429
2020-11-09,17694.571428571428,18809,235150.71428571438
2020-11-10,17687.85714285714,19131,238369.14285714296
2020-11-11,17828.285714285714,20413,241067.00000000006
2020-11-12,17990.0,20250,243405.1428571429
2020-11-13,18141.0,20210,245417.42857142864
2020-11-14,18145.428571428572,15823,247224.14285714284
2020-11-15,18121.714285714286,12216,248700.57142857148
2020-11-16,18096.571428571428,18633,249721.71428571444
2020-11-17,18124.14285714286,19324,250485.42857142875
2020-11-18,18164.0,20692,251170.85714285728
2020-11-19,18179.14285714286,20356,251682.14285714296
2020-11-20,18156.714285714286,20053,252074.00000000012
2020-11-21,17967.714285714286,14500,252084.14285714296
2020-11-22,17858.0,11448,252155.14285714296
2020-11-23,17756.285714285714,17921,252216.85714285716
2020-11-24,17585.14285714286,18126,252114.14285714284
2020-11-25,17435.85714285714,19647,251721.71428571432
2020-11-26,17300.571428571428,19409,251032.2857142858
2020-11-27,17157.14285714286,19049,250048.42857142864
2020-11-28,17322.571428571428,15658,249225.5714285716
2020-11-29,17361.14285714286,11718,248465.00000000023
2020-11-30,17395.285714285714,18160,247763.71428571444
2020-12-01,17633.0,19790,247272.5714285716
2020-12-02,17894.571428571428,21478,247003.14285714296
2020-12-03,18413.14285714286,23039,247237.14285714307
2020-12-04,18895.714285714286,22427,247976.14285714307
2020-12-05,19276.571428571428,18324,249285.00000000012
2020-12-06,19779.285714285714,15237,251206.2857142858
2020-12-07,20404.285714285714,22535,253854.2857142858
2020-12-08,21064.0,24408,257333.14285714296
2020-12-09,21674.714285714286,25753,261572.00000000012
2020-12-10,22219.571428571428,26853,266491.0
2020-12-11,22757.0,26189,272090.85714285716
2020-12-12,23294.571428571428,22087,278062.85714285704
2020-12-13,23549.571428571428,17022,284251.28571428545
2020-12-14,23884.428571428572,24879,290740.4285714284
2020-12-15,24133.285714285714,26150,297240.7142857141
2020-12-16,24473.571428571428,28135,303819.7142857141
2020-12-17,24582.0,27612,309988.57142857113
2020-12-18,24664.285714285714,26765,315757.1428571425
2020-12-19,24518.14285714286,21064,320998.7142857141
2020-12-20,24548.571428571428,17235,325767.99999999977
2020-12-21,24232.0,22663,329595.7142857141
2020-12-22,23988.714285714286,24447,332520.4285714284
2020-12-23,23772.428571428572,26621,334618.1428571427
2020-12-24,22607.285714285714,19456,335005.85714285704
2020-12-25,20860.428571428572,14537,333109.2857142857
2020-12-26,20021.85714285714,15194,329836.57142857136
2020-12-27,19643.428571428572,14586,325930.42857142864
2020-12-28,19353.571428571428,20634,321399.57142857136
2020-12-29,19060.285714285714,22394,316326.57142857136
2020-12-30,18607.0,23448,310460.0
2020-12-31,18269.714285714286,17095,304147.7142857143
2021-01-01,18109.571428571428,13416,297593.0
2021-01-02,18007.285714285714,14478,291082.1428571427
2021-01-03,17942.571428571428,14133,284476.1428571427
2021-01-04,17755.285714285714,19323,277999.4285714284
2021-01-05,17684.428571428572,21898,271695.1428571427
2021-01-06,17366.85714285714,21225,265289.57142857113
2021-01-07,17800.14285714286,20128,260482.4285714284
2021-01-08,18771.571428571428,20216,258393.57142857113
2021-01-09,18867.14285714286,15147,257238.85714285704
2021-01-10,18503.85714285714,11590,256099.28571428545
2021-01-11,18073.571428571428,16311,254819.28571428545
2021-01-12,17571.0,18380,253329.99999999977
2021-01-13,17267.714285714286,19102,251990.7142857141
2021-01-14,16820.14285714286,16995,250541.14285714272
2021-01-15,16250.714285714286,16230,248682.28571428568
2021-01-16,15980.714285714286,13257,246655.71428571432
2021-01-17,15754.714285714286,10008,244467.85714285728
2021-01-18,15376.142857142857,13661,242088.71428571455
2021-01-19,15003.285714285714,15770,239407.5714285716
2021-01-20,14555.714285714286,15969,236596.42857142887
2021-01-21,14162.0,14239,232958.2857142859
2021-01-22,13761.142857142857,13424,227947.8571428575
2021-01-23,13454.42857142857,11110,222535.1428571432
2021-01-24,13158.57142857143,7937,217189.8571428575
2021-01-25,12720.42857142857,10594,211836.71428571478
2021-01-26,12348.285714285714,13165,206614.0000000007
2021-01-27,11878.714285714286,12682,201225.00000000047
2021-01-28,11468.714285714286,11369,195873.5714285716
2021-01-29,11170.285714285714,11335,190793.1428571432
2021-01-30,10952.285714285714,9584,185764.71428571478
2021-01-31,10768.857142857143,6653,180778.85714285774
2021-02-01,10537.285714285714,8973,175940.0000000007
2021-02-02,10135.714285714286,10354,171072.4285714291
2021-02-03,9872.42857142857,10839,166389.14285714342
2021-02-04,9600.714285714286,9467,161827.8571428575
2021-02-05,9256.0,8922,157322.71428571455
2021-02-06,8989.0,7715,152857.2857142859
2021-02-07,8766.285714285714,5094,148465.00000000047
2021-02-08,8489.142857142857,7033,144233.71428571455
2021-02-09,8168.714285714285,8111,140054.14285714272
2021-02-10,7850.571428571428,8612,136026.0
2021-02-11,7619.142857142857,7847,132176.42857142864
2021-02-12,7483.714285714285,7974,128489.85714285681
2021-02-13,7289.142857142857,6353,124826.71428571362
2021-02-14,7342.428571428572,5467,121400.28571428498
2021-02-15,7388.714285714285,7357,118251.71428571315
2021-02-16,7435.285714285715,8437,115551.28571428498
2021-02-17,7462.428571428572,8802,113141.28571428498
2021-02-18,7544.0,8418,111084.5714285709
2021-02-19,7615.714285714285,8476,109444.28571428498
2021-02-20,7833.571428571428,7878,108288.85714285634
2021-02-21,7839.0,5505,107361.57142857043
2021-02-22,7873.142857142857,7596,106745.57142857043
2021-02-23,7954.285714285715,9005,106531.14285714226
2021-02-24,7999.0,9115,106679.5714285709
2021-02-25,8006.142857142857,8468,107066.5714285709
2021-02-26,8062.0,8867,107644.85714285681
2021-02-27,8055.857142857143,7835,108411.57142857136
2021-02-28,8124.857142857143,5988,109194.0
2021-03-01,8222.57142857143,8280,110027.85714285728
2021-03-02,8298.857142857143,9539,110891.42857142864
2021-03-03,8409.57142857143,9890,111838.57142857136
2021-03-04,8519.857142857143,9240,112814.42857142864
2021-03-05,8625.0,9603,113823.71428571455
2021-03-06,8760.57142857143,8784,114750.71428571455
2021-03-07,8889.285714285714,6889,115801.00000000047
2021-03-08,9089.857142857143,9684,117017.71428571502
2021-03-09,9343.857142857143,11317,118407.28571428638
2021-03-10,9743.142857142857,12685,120151.4285714291
2021-03-11,10174.42857142857,12259,122319.71428571502
2021-03-12,10616.714285714286,12699,124874.4285714291
2021-03-13,11029.57142857143,11674,127848.14285714319
2021-03-14,11383.142857142857,9364,131106.42857142864
2021-03-15,11806.57142857143,12648,134690.42857142864
2021-03-16,12316.142857142857,14884,138707.7142857141
2021-03-17,12829.142857142857,16276,143127.28571428545
2021-03-18,13241.857142857143,15148,147849.28571428545
2021-03-19,13621.42857142857,15356,152845.7142857141
2021-03-20,13992.57142857143,14272,158077.7142857141
2021-03-21,14275.0,11341,163463.42857142817
2021-03-22,14668.142857142857,15400,169041.71428571362
2021-03-23,15127.42857142857,18099,174825.28571428498
2021-03-24,15604.42857142857,19615,180686.5714285709
2021-03-25,16142.142857142857,18912,186654.28571428498
2021-03-26,16588.571428571428,18481,192626.14285714226
2021-03-27,16820.14285714286,15893,198416.71428571362
2021-03-28,16854.428571428572,11581,203887.99999999953
2021-03-29,16934.0,15957,209015.42857142817
2021-03-30,16893.85714285714,17818,213593.14285714272
2021-03-31,16827.285714285714,19149,217591.2857142859
2021-04-01,16871.285714285714,19220,221220.71428571455
2021-04-02,16481.571428571428,15753,224080.85714285728
2021-04-03,16134.714285714286,13465,226223.0
2021-04-04,16202.285714285714,12054,228150.2857142859
2021-04-05,15804.142857142857,13170,229286.2857142859
2021-04-06,15627.57142857143,16582,229786.42857142864
2021-04-07,15813.42857142857,20450,229995.42857142864
2021-04-08,16140.142857142857,21507,229993.42857142864
2021-04-09,16826.285714285714,20556,230231.1428571432
2021-04-10,17570.0,18671,230981.00000000047
2021-04-11,17803.0,13685,231929.57142857183
2021-04-12,18622.714285714286,18908,233618.2857142859
2021-04-13,19393.428571428572,21977,236117.85714285728
2021-04-14,19780.428571428572,23159,239071.0
2021-04-15,19730.428571428572,21157,241930.14285714272
2021-04-16,19908.285714285714,21801,245356.85714285728
2021-04-17,19927.571428571428,18806,249149.71428571455
2021-04-18,20112.0,14976,253059.42857142864
2021-04-19,20231.0,19741,257486.2857142859
2021-04-20,20480.428571428572,23723,262339.1428571432
2021-04-21,20582.285714285714,23872,267108.00000000047
2021-04-22,20659.428571428572,21697,271627.2857142864
2021-04-23,20548.714285714286,21026,275349.71428571455
2021-04-24,20445.714285714286,18085,278225.42857142864
2021-04-25,20182.0,13130,280604.42857142864
2021-04-26,19860.571428571428,17491,281842.2857142859
2021-04-27,19298.85714285714,19791,281747.71428571455
2021-04-28,18792.14285714286,20325,280759.42857142864
2021-04-29,18205.85714285714,17593,279234.8571428573
2021-04-30,17659.85714285714,17204,276986.42857142864
2021-05-01,17183.14285714286,14748,274242.0
2021-05-02,16805.85714285714,10489,270935.8571428573
2021-05-03,16274.42857142857,13771,266979.2857142859
2021-05-04,15789.142857142857,16394,262288.0
2021-05-05,15154.285714285714,15881,256860.0
2021-05-06,14610.714285714286,13788,250811.28571428545
2021-05-07,14021.142857142857,13077,244283.7142857141
2021-05-08,13499.714285714286,11098,237337.7142857141
2021-05-09,13139.285714285714,7966,230295.0
2021-05-10,12659.857142857143,10415,223094.2857142859
2021-05-11,12016.0,11887,215811.42857142864
2021-05-12,11426.42857142857,11754,208445.71428571455
2021-05-13,10640.0,8283,200879.85714285728
2021-05-14,9886.0,7799,193106.0
2021-05-15,9430.142857142857,7907,185353.0
2021-05-16,9116.285714285714,5769,177663.42857142864
2021-05-17,8635.714285714286,7051,170024.7142857141
2021-05-18,8148.714285714285,8478,162384.28571428545
2021-05-19,7603.714285714285,7939,154833.71428571362
2021-05-20,7359.428571428572,6573,147582.42857142817
2021-05-21,7111.571428571428,6064,140672.8571428568
2021-05-22,6699.714285714285,5024,133872.8571428568
2021-05-23,6315.571428571428,3080,127049.14285714226
2021-05-24,5781.571428571428,3313,120170.85714285634
2021-05-25,5171.857142857143,4210,113326.71428571362
2021-05-26,4756.0,5028,106656.28571428498
2021-05-27,4521.285714285715,4930,100537.5714285709
2021-05-28,4259.857142857143,4234,94911.42857142817
2021-05-29,4021.285714285714,3354,89502.57142857136
2021-05-30,3904.714285714286,2264,84290.99999999953
2021-05-31,3846.5714285714284,2906,79501.85714285681
2021-06-01,3765.5714285714284,3643,75118.71428571409
2021-06-02,3542.4285714285716,3466,71057.42857142864
2021-06-03,3206.8571428571427,2581,66904.85714285728
2021-06-04,2918.4285714285716,2215,62711.71428571455
2021-06-05,2738.0,2091,58750.000000000466
2021-06-06,2644.714285714286,1611,55079.14285714319
2021-06-07,2519.285714285714,2028,51816.85714285774
2021-06-08,2346.1428571428573,2431,48991.14285714319
2021-06-09,2141.4285714285716,2033,46376.57142857183
2021-06-10,2039.0,1864,43894.285714285914
2021-06-11,1935.142857142857,1488,41569.57142857136
2021-06-12,1815.2857142857142,1252,39363.57142857136
2021-06-13,1704.5714285714287,836,37163.42857142864
2021-06-14,1576.2857142857142,1130,34893.14285714319
2021-06-15,1403.0,1218,32530.571428571828
2021-06-16,1279.7142857142858,1170,30267.857142857276
2021-06-17,1155.4285714285713,994,28216.428571428638
2021-06-18,1076.142857142857,933,26374.142857142724
2021-06-19,995.8571428571429,690,24632.0
2021-06-20,952.2857142857143,531,22939.571428571828
2021-06-21,903.5714285714286,789,21323.857142857276
2021-06-22,855.7142857142857,883,19833.428571428638
2021-06-23,802.0,794,18494.0
2021-06-24,765.7142857142857,740,17220.714285714086
2021-06-25,729.0,676,16014.571428571362
2021-06-26,715.4285714285714,595,14914.714285714086
2021-06-27,704.7142857142857,456,13914.85714285681
2021-06-28,698.7142857142857,747,13037.285714284983
2021-06-29,681.1428571428571,760,12315.428571427707
2021-06-30,692.1428571428571,871,11727.857142856345
2021-07-01,687.5714285714286,708,11259.999999999069
2021-07-02,693.2857142857143,716,10877.142857142258
2021-07-03,702.8571428571429,662,10584.142857142258
2021-07-04,725.1428571428571,612,10356.999999999069
2021-07-05,754.2857142857143,951,10207.71428571362
2021-07-06,793.7142857142857,1036,10145.71428571362
2021-07-07,816.4285714285714,1030,10160.142857142258
2021-07-08,867.7142857142857,1067,10262.142857142258
2021-07-09,915.7142857142857,1052,10448.857142856345
2021-07-10,975.8571428571429,1083,10709.285714284983
2021-07-11,1031.142857142857,999,11035.71428571362
2021-07-12,1106.857142857143,1481,11443.85714285681
2021-07-13,1199.857142857143,1687,11962.571428571362
2021-07-14,1289.0,1654,12559.428571428638
2021-07-15,1362.2857142857142,1580,13234.14285714319
2021-07-16,1442.7142857142858,1615,13983.571428571362
2021-07-17,1511.0,1561,14791.714285714086
2021-07-18,1567.7142857142858,1396,15634.285714285448
2021-07-19,1646.7142857142858,2034,16526.71428571362
2021-07-20,1719.857142857143,2199,17452.85714285681
2021-07-21,1790.0,2145,18426.428571428172
2021-07-22,1844.7142857142858,1963,19403.428571428172
2021-07-23,1913.142857142857,2094,20400.85714285681
2021-07-24,1966.142857142857,1932,21391.14285714226
2021-07-25,2011.0,1710,22370.999999999534
2021-07-26,2075.0,2482,23339.14285714226
2021-07-27,2154.285714285714,2754,24293.571428570896
2021-07-28,2239.5714285714284,2742,25244.14285714226
2021-07-29,2291.5714285714284,2327,26173.428571427707
2021-07-30,2355.285714285714,2540,27085.999999999534
2021-07-31,2426.5714285714284,2431,28001.571428570896
2021-08-01,2506.714285714286,2271,28940.571428570896
2021-08-02,2609.0,3198,29902.85714285681
2021-08-03,2719.714285714286,3529,30902.71428571362
2021-08-04,2841.8571428571427,3597,31954.571428570896
2021-08-05,3009.4285714285716,3500,33119.28571428545
2021-08-06,3202.714285714286,3893,34408.85714285681
2021-08-07,3370.285714285714,3604,35813.0
2021-08-08,3507.4285714285716,3231,37309.42857142864
2021-08-09,3737.5714285714284,4809,38972.0
2021-08-10,4006.714285714286,5413,40824.42857142817
2021-08-11,4308.285714285715,5708,42893.142857142724
2021-08-12,4579.571428571428,5399,45181.142857142724
2021-08-13,4887.714285714285,6050,47713.5714285709
2021-08-14,5202.0,5804,50488.999999999534
2021-08-15,5467.571428571428,5090,53449.85714285681
2021-08-16,5810.714285714285,7211,56651.5714285709
2021-08-17,6130.571428571428,7652,60062.42857142817
2021-08-18,6521.571428571428,8445,63742.14285714226
2021-08-19,6893.571428571428,8003,67626.28571428498
2021-08-20,7337.0,9154,71760.5714285709
2021-08-21,7644.285714285715,7955,76034.5714285709
2021-08-22,7880.285714285715,6742,80407.42857142817
2021-08-23,8197.285714285714,9430,84867.14285714272
2021-08-24,8610.285714285714,10543,89470.71428571455
2021-08-25,8963.857142857143,10920,94126.28571428591
2021-08-26,9275.42857142857,10184,98822.14285714319
2021-08-27,9388.42857142857,9945,103322.85714285774
2021-08-28,9550.714285714286,9091,107671.57142857183
2021-08-29,9559.42857142857,6803,111763.4285714291
2021-08-30,9716.714285714286,10531,115669.4285714291
2021-08-31,9904.285714285714,11856,119443.14285714366
2021-09-01,10204.42857142857,13021,123126.00000000093
2021-09-02,10322.57142857143,11011,126555.00000000093
2021-09-03,10542.42857142857,11484,129760.42857142957
2021-09-04,10647.714285714286,9828,132763.85714285774
2021-09-05,10715.42857142857,7277,135599.00000000047
2021-09-06,10660.57142857143,10147,138062.2857142859
2021-09-07,10656.0,11824,140108.0
2021-09-08,10501.42857142857,11939,141645.57142857136
2021-09-09,10398.714285714286,10292,142768.8571428568
2021-09-10,10194.42857142857,10054,143574.8571428568
2021-09-11,9967.714285714286,8241,143991.8571428568
2021-09-12,9793.142857142857,6055,144225.5714285709
2021-09-13,9590.57142857143,8729,144099.42857142817
2021-09-14,9382.714285714286,10369,143577.85714285634
2021-09-15,9058.142857142857,9667,142431.57142857043
2021-09-16,8824.142857142857,8654,140933.1428571418
2021-09-17,8530.714285714286,8000,138921.42857142724
2021-09-18,8333.42857142857,6860,136607.1428571418
2021-09-19,8241.857142857143,5414,134133.57142857043
2021-09-20,8119.0,7869,131591.99999999907
2021-09-21,7917.857142857143,8961,128853.85714285634
2021-09-22,7834.714285714285,9085,126187.1428571418
2021-09-23,7775.857142857143,8242,123564.28571428498
2021-09-24,7829.857142857143,8378,121199.71428571362
2021-09-25,7882.285714285715,7227,119114.28571428498
2021-09-26,7949.857142857143,5887,117270.99999999953
2021-09-27,8033.142857142857,8452,115713.5714285709
2021-09-28,8148.142857142857,9766,114478.99999999953
2021-09-29,8204.714285714286,9481,113625.57142857136
2021-09-30,8199.714285714286,8207,113001.14285714319
2021-10-01,8195.0,8345,112665.4285714291
2021-10-02,8194.857142857143,7226,112526.85714285774
2021-10-03,8240.857142857143,6209,112525.85714285774
2021-10-04,8288.285714285714,8784,112695.14285714319
2021-10-05,8268.0,9624,113045.28571428591
2021-10-06,8287.857142857143,9620,113498.4285714291
2021-10-07,8358.42857142857,8701,114081.0
2021-10-08,8475.285714285714,9163,114726.42857142817
2021-10-09,8608.0,8155,115452.14285714272
2021-10-10,8728.0,7049,116230.28571428545
2021-10-11,8912.42857142857,10075,117109.5714285709
2021-10-12,9129.42857142857,11143,118090.85714285634
2021-10-13,9414.0,11612,119300.1428571418
2021-10-14,9709.857142857143,10772,120810.28571428452
2021-10-15,10133.714285714286,12130,122748.99999999907
2021-10-16,10592.57142857143,11367,125146.71428571362
2021-10-17,10973.42857142857,9715,127879.28571428452
2021-10-18,11562.714285714286,14200,131153.71428571362
2021-10-19,12368.285714285714,16782,135253.99999999907
2021-10-20,13193.285714285714,17387,140159.42857142724
2021-10-21,13922.0,15873,145722.99999999907
2021-10-22,14653.142857142857,17248,151900.85714285634
2021-10-23,15254.57142857143,15577,158547.42857142817
2021-10-24,15752.285714285714,13199,165571.71428571362
2021-10-25,16457.0,19133,173116.28571428545
2021-10-26,17249.14285714286,22327,181236.0
2021-10-27,18085.0,23238,189907.0
2021-10-28,18862.571428571428,21316,199059.71428571455
2021-10-29,19564.714285714286,22163,208490.71428571455
2021-10-30,20256.428571428572,20419,218154.5714285709
2021-10-31,20687.714285714286,16218,227868.85714285728
2021-11-01,21204.0,22747,237510.14285714272
2021-11-02,21930.14285714286,27410,247072.0
2021-11-03,23193.714285714286,32083,257072.4285714291
2021-11-04,24639.428571428572,31436,267789.8571428573
2021-11-05,26137.14285714286,32647,279273.8571428573
2021-11-06,27415.571428571428,29368,291434.8571428573
2021-11-07,28423.14285714286,23271,304105.71428571455
2021-11-08,30168.85714285714,34967,317817.5714285718
2021-11-09,32275.0,42153,332843.4285714291
2021-11-10,34221.57142857143,45709,348980.00000000093
2021-11-11,36050.57142857143,44239,366168.00000000093
2021-11-12,37787.42857142857,44805,384390.71428571455
2021-11-13,39095.28571428572,38523,403229.5714285718
2021-11-14,40057.0,30003,422598.8571428573
2021-11-15,41612.28571428572,45854,443007.1428571427
2021-11-16,43834.57142857143,57709,464911.5714285718
2021-11-17,45732.0,58991,487449.8571428573
2021-11-18,47631.42857142857,57535,510441.8571428573
2021-11-19,49849.42857142857,60331,534154.1428571427
2021-11-20,51116.28571428572,47391,557854.8571428563
2021-11-21,51837.0,35048,581268.7142857136
2021-11-22,53083.42857142857,54579,604183.2857142845
2021-11-23,54103.857142857145,64852,626012.1428571418
2021-11-24,55342.42857142857,67661,647132.9999999981
2021-11-25,56075.42857142857,62666,667157.8571428545
2021-11-26,56122.142857142855,60658,685492.571428569
2021-11-27,55898.28571428572,45824,702295.571428569
2021-11-28,55812.42857142857,34447,718050.9999999972
2021-11-29,55325.57142857143,51171,731764.2857142836
2021-11-30,55428.42857142857,65572,743358.1428571399
2021-12-01,55425.0,67637,753051.1428571399
2021-12-02,55048.142857142855,60028,760467.8571428545
2021-12-03,54787.0,58830,765405.4285714263
2021-12-04,54508.57142857143,43875,768797.7142857127
2021-12-05,54027.71428571428,31081,770988.4285714272
2021-12-06,53613.42857142857,48271,771518.4285714272
2021-12-07,52954.57142857143,60960,770369.1428571418
2021-12-08,51723.71428571428,59021,766750.4285714282
2021-12-09,50437.71428571428,51026,761112.7142857146
2021-12-10,48833.57142857143,47601,753824.1428571437
2021-12-11,47547.42857142857,34872,745473.2857142864
2021-12-12,46342.57142857143,22647,736003.42857143
2021-12-13,44628.42857142857,36272,725306.2857142864
2021-12-14,43211.28571428572,51040,713089.1428571437
2021-12-15,41324.57142857143,45814,698988.7142857155
2021-12-16,39877.0,40893,683817.5714285728
2021-12-17,38465.142857142855,37718,667495.7142857155
2021-12-18,37485.0,28011,650472.1428571437
2021-12-19,36829.71428571428,18060,633274.1428571437
2021-12-20,35936.42857142857,30019,615597.1428571437
2021-12-21,34382.42857142857,40162,597025.0
2021-12-22,32865.28571428572,35194,578166.5714285709
2021-12-23,31577.428571428572,31878,559306.2857142845
2021-12-24,29698.428571428572,24565,540171.1428571409
2021-12-25,28210.85714285714,17598,520834.57142856997
2021-12-26,28404.0,19412,502895.99999999814
2021-12-27,28541.571428571428,30982,486809.1428571418
2021-12-28,28655.714285714286,40961,472253.5714285709
2021-12-29,29132.85714285714,38534,460061.85714285634
2021-12-30,29994.0,37906,450178.85714285634
2021-12-31,30943.571428571428,31212,442657.28571428545
2022-01-01,31921.0,24440,437093.28571428545
2022-01-02,33045.71428571428,27285,433309.28571428545
2022-01-03,35046.28571428572,44986,432419.1428571427
2022-01-04,37367.0,57206,435403.71428571455
2022-01-05,40024.0,57133,442562.4285714291
2022-01-06,41925.71428571428,51218,452910.7142857155
2022-01-07,45131.42857142857,53652,468343.7142857155
2022-01-08,47635.857142857145,41971,487768.7142857155
2022-01-09,48772.0,35238,508136.7142857155
2022-01-10,51250.142857142855,62333,530845.2857142864
2022-01-11,54649.142857142855,80999,556838.7142857146
2022-01-12,58255.57142857143,82378,585961.4285714291
2022-01-13,62602.28571428572,81645,618569.7142857146
2022-01-14,66591.28571428571,81575,654217.4285714282
2022-01-15,69692.0,63676,691988.4285714282
2022-01-16,71973.85714285714,51211,730916.5714285709
2022-01-17,76578.42857142857,94565,772448.7142857136
2022-01-18,82922.85714285714,125410,818004.5714285709
2022-01-19,90521.0,135565,868501.5714285709
2022-01-20,98682.57142857143,138776,925258.4285714282
2022-01-21,107390.42857142857,142530,987517.4285714282
2022-01-22,112830.28571428571,101755,1052711.8571428563
2022-01-23,116294.71428571429,75462,1120234.571428571
2022-01-24,124432.0,151526,1193416.4285714282
2022-01-25,133465.85714285713,188647,1272233.1428571418
2022-01-26,141102.42857142858,189021,1355079.999999999
2022-01-27,148381.57142857142,189730,1440859.2857142845
2022-01-28,154334.7142857143,184202,1528602.7142857136
2022-01-29,158366.42857142858,129977,1617277.1428571427
2022-01-30,160264.7142857143,88750,1705568.0
2022-01-31,162911.0,170050,1791900.5714285718
2022-02-01,168347.57142857142,226703,1877325.2857142854
2022-02-02,174511.0,232165,1961315.2857142854
2022-02-03,180197.85714285713,229538,2042830.57142857
2022-02-04,183346.7142857143,206244,2118786.8571428563
2022-02-05,184601.2857142857,138759,2190557.8571428563
2022-02-06,186036.85714285713,98799,2260299.999999998
2022-02-07,188385.85714285713,186493,2324253.8571428545
2022-02-08,189867.7142857143,237076,2380655.7142857127
2022-02-09,190051.0,233448,2429604.2857142836
2022-02-10,188294.42857142858,217242,2469517.142857142
2022-02-11,187377.2857142857,199824,2502559.7142857127
2022-02-12,185618.85714285713,126450,2529812.14285714
2022-02-13,184057.85714285713,87872,2553605.2857142817
2022-02-14,181382.2857142857,167764,2572076.571428567
2022-02-15,178825.85714285713,219181,2582554.8571428526
2022-02-16,176716.7142857143,218684,2584760.571428567
2022-02-17,174741.0,203412,2579303.714285711
2022-02-18,171253.0,175408,2567209.9999999963
2022-02-19,170923.57142857142,124144,2553532.2857142817
2022-02-20,169646.42857142858,78932,2537141.8571428545
2022-02-21,166526.0,145921,2515281.999999998
2022-02-22,164982.85714285713,208379,2490397.14285714
2022-02-23,161836.0,196656,2462182.14285714
2022-02-24,158716.2857142857,181574,2432603.9999999963
2022-02-25,157376.85714285713,166032,2402603.571428567
2022-02-26,155701.2857142857,112415,2372685.9999999963
2022-02-27,154523.85714285713,70690,2343151.9999999963
2022-02-28,153320.7142857143,137499,2315090.4285714254
2022-03-01,151295.2857142857,194201,2287559.8571428545
2022-03-02,151867.85714285713,200664,2262710.9999999963
2022-03-03,155234.42857142858,205140,2243204.4285714254
2022-03-04,158426.7142857143,188378,2230378.14285714
2022-03-05,161281.42857142858,132398,2220735.999999998
2022-03-06,165070.85714285713,97216,2216160.4285714254
2022-03-07,170996.57142857142,178979,2220630.9999999963
2022-03-08,178522.7142857143,246884,2234170.8571428545
2022-03-09,186391.42857142858,255745,2258726.2857142836
2022-03-10,192431.57142857142,247421,2292441.571428569
2022-03-11,199457.2857142857,237558,2334521.999999998
2022-03-12,204055.2857142857,164584,2382875.999999998
2022-03-13,205374.85714285713,106453,2433727.0
2022-03-14,211041.2857142857,218644,2491447.5714285728
2022-03-15,215653.14285714287,279167,2555805.428571429
2022-03-16,221498.42857142858,296662,2625436.000000002
2022-03-17,226625.57142857142,283311,2696827.1428571437
2022-03-18,228507.57142857142,250732,2766908.0
2022-03-19,226796.42857142858,152606,2832423.0
2022-03-20,226960.7142857143,107603,2894312.8571428563
2022-03-21,230223.57142857142,241484,2953539.8571428563
2022-03-22,232420.57142857142,294546,3007437.7142857127
2022-03-23,232158.0,294824,3053204.2857142836
2022-03-24,230499.7142857143,271703,3091272.4285714254
2022-03-25,228359.0,235747,3120174.14285714
2022-03-26,226905.7142857143,142433,3143024.571428567
2022-03-27,223072.7142857143,80772,3160722.4285714217
2022-03-28,218289.57142857142,208002,3167970.7142857052
2022-03-29,213805.7142857143,263159,3166123.285714276
2022-03-30,206999.42857142858,247180,3151624.285714276
2022-03-31,199177.7142857143,216951,3124176.428571418
2022-04-01,190676.57142857142,176239,3086345.428571418
2022-04-02,184207.85714285713,97152,3043756.857142847
2022-04-03,180721.57142857142,56368,2997517.7142857052
2022-04-04,172939.14285714287,153525,2940233.285714276
2022-04-05,163903.85714285713,199912,2871716.5714285634
2022-04-06,154280.42857142858,179816,2793838.9999999925
2022-04-07,145903.42857142858,158312,2709242.714285709
2022-04-08,140456.2857142857,138109,2621339.9999999963
2022-04-09,137949.7142857143,79606,2532383.9999999963
2022-04-10,136947.7142857143,49354,2446258.9999999963
2022-04-11,134665.7142857143,137551,2362635.142857138
2022-04-12,130905.71428571429,173592,2279735.142857138
2022-04-13,126849.14285714286,151420,2199584.8571428508
2022-04-14,124852.28571428571,144334,2125259.4285714254
2022-04-15,114234.85714285714,63787,2048817.7142857127
2022-04-16,110824.0,55730,1975433.8571428545
2022-04-17,109601.42857142857,40796,1904313.7142857127
2022-04-18,96318.57142857143,44571,1827693.1428571418
2022-04-19,93433.71428571429,153398,1757222.9999999963
2022-04-20,96121.57142857143,170235,1699064.142857138
2022-04-21,96563.42857142857,147427,1649724.142857138
2022-04-22,103911.28571428571,115222,1613179.142857138
2022-04-23,104054.85714285714,56735,1579284.2857142836
2022-04-24,103034.85714285714,33656,1545371.428571429
2022-04-25,113307.71428571429,116481,1524013.428571429
2022-04-26,110307.57142857143,132397,1503415.2857142873
2022-04-27,101702.85714285714,110002,1478269.0000000037
2022-04-28,93646.71428571429,91034,1447063.428571429
2022-04-29,88097.57142857143,76378,1420926.1428571418
2022-04-30,85400.85714285714,37858,1395503.0
2022-05-01,83895.71428571429,23120,1369797.2857142836
2022-05-02,79643.28571428571,86714,1353122.0
2022-05-03,75359.57142857143,102411,1335047.8571428582
2022-05-04,72053.42857142857,86859,1310979.7142857164
2022-05-05,70084.85714285714,77254,1284501.1428571455
2022-05-06,68574.28571428571,65804,1249164.1428571455
2022-05-07,67567.42857142857,30810,1212676.7142857164
2022-05-08,67106.57142857143,19894,1176748.428571429
2022-05-09,66509.85714285714,82537,1129950.5714285746
2022-05-10,64830.857142857145,90658,1084473.857142862
2022-05-11,62883.28571428572,73226,1045654.285714291
2022-05-12,60729.42857142857,62177,1012737.0000000075
2022-05-13,59204.42857142857,55129,983843.8571428657
2022-05-14,58106.0,23121,956549.0000000075
2022-05-15,57349.71428571428,14600,930003.0000000075
2022-05-16,54641.142857142855,63577,905000.8571428619
2022-05-17,50803.0,63791,880444.285714291
2022-05-18,47625.71428571428,50985,856016.5714285746
2022-05-19,44777.0,42236,830708.7142857164
2022-05-20,42416.857142857145,38608,804551.2857142873
2022-05-21,41349.28571428572,15648,778333.1428571455
2022-05-22,40698.142857142855,10042,751924.7142857164
2022-05-23,38032.71428571428,44919,723447.5714285709
2022-05-24,35191.57142857143,43903,693808.2857142836
2022-05-25,32751.714285714286,33906,663676.714285709
2022-05-26,28275.571428571428,10903,631222.8571428508
2022-05-27,27285.428571428572,31677,599303.8571428508
2022-05-28,27016.285714285714,13764,568214.1428571381
2022-05-29,27263.285714285714,11771,538127.7142857127
2022-05-30,27474.85714285714,46400,510961.4285714291
2022-05-31,28319.714285714286,49817,488478.1428571418
2022-06-01,29714.428571428572,43669,470566.8571428582
2022-06-02,33966.0,40664,459755.8571428582
2022-06-03,34991.71428571428,38857,452330.7142857127
2022-06-04,35582.142857142855,17897,446563.5714285672
2022-06-05,35889.42857142857,13922,441754.8571428545
2022-06-06,31715.714285714286,17184,435437.8571428545
2022-06-07,34389.57142857143,68534,434635.8571428545
2022-06-08,39290.71428571428,77977,441174.8571428545
2022-06-09,43181.142857142855,67897,456080.4285714254
2022-06-10,46713.857142857145,63586,475508.8571428545
2022-06-11,47824.857142857145,25674,496317.4285714254
2022-06-12,48751.0,20405,517805.14285713807
2022-06-13,58216.857142857145,83445,548547.1428571381
2022-06-14,61077.42857142857,88558,581304.8571428545
2022-06-15,61211.57142857143,78916,612801.9999999963
2022-06-16,57473.0,41727,636308.9999999963
2022-06-17,59278.857142857145,76227,660596.1428571418
2022-06-18,59937.28571428572,30283,684951.2857142873
2022-06-19,60497.71428571428,24328,709559.5714285709
2022-06-20,63379.857142857145,103620,741223.7142857164
2022-06-21,67605.14285714286,118135,774439.2857142873
2022-06-22,71765.28571428571,108037,806913.8571428619
2022-06-23,79613.71428571429,96666,843346.4285714328
2022-06-24,81038.42857142857,86200,877671.0000000037
2022-06-25,81652.14285714286,34579,911498.2857142873
2022-06-26,81809.0,25426,944556.2857142873
2022-06-27,83511.42857142857,115537,969850.8571428582
2022-06-28,85534.0,132293,994307.4285714291
2022-06-29,87175.85714285714,119530,1020271.7142857164
2022-06-30,88493.71428571429,105891,1051292.428571429
2022-07-01,89533.42857142857,93478,1081547.0
2022-07-02,89138.0,31811,1110747.7142857127
2022-07-03,89007.71428571429,24514,1139257.7142857127
2022-07-04,89615.57142857143,119792,1165493.4285714254
2022-07-05,89487.57142857143,131397,1187375.8571428545
2022-07-06,89782.57142857143,121595,1205393.142857138
2022-07-07,89886.71428571429,106620,1215666.142857138
2022-07-08,90023.85714285714,94438,1224651.5714285672
2022-07-09,90100.42857142857,32347,1233099.8571428545
2022-07-10,90409.71428571429,26679,1241700.5714285672
2022-07-11,91649.28571428571,128469,1249838.4285714254
2022-07-12,92788.28571428571,139370,1257092.7142857127
2022-07-13,94053.71428571429,130453,1263970.5714285672
2022-07-14,94947.57142857143,112877,1270424.4285714254
2022-07-15,96611.0,106082,1277501.9999999963
2022-07-16,96764.28571428571,33420,1285128.2857142836
2022-07-17,96352.14285714286,23794,1292472.7142857127
2022-07-18,96669.42857142857,130690,1299526.571428571
2022-07-19,96291.42857142857,136724,1306330.428571429
2022-07-20,94231.42857142857,116033,1310779.2857142873
2022-07-21,92377.85714285714,99902,1313270.4285714328
2022-07-22,89699.57142857143,87334,1312946.1428571455
2022-07-23,89015.42857142857,28631,1311861.1428571455
2022-07-24,88445.14285714286,19802,1309896.5714285746
2022-07-25,86188.42857142857,114893,1304435.7142857164
2022-07-26,82504.14285714286,110934,1294151.571428571
2022-07-27,78891.28571428571,90743,1278989.1428571455
2022-07-28,74840.42857142857,71546,1258882.0000000037
2022-07-29,71055.57142857143,60840,1233326.5714285746
2022-07-30,69940.85714285714,20828,1206503.1428571455
2022-07-31,69265.42857142857,15074,1179416.4285714328
2022-08-01,64486.28571428572,81439,1147233.285714291
2022-08-02,59913.0,78921,1110854.857142862
2022-08-03,56248.42857142857,65091,1072871.857142862
2022-08-04,53709.857142857145,53776,1034203.8571428619
2022-08-05,51857.42857142857,47873,996361.7142857201
2022-08-06,51418.28571428572,17754,958764.5714285783
2022-08-07,51150.142857142855,13197,921469.5714285783
2022-08-08,48653.42857142857,63962,883934.5714285783
2022-08-09,46482.57142857143,63725,847913.0000000075
2022-08-10,44769.857142857145,53102,813791.5714285783
2022-08-11,43532.57142857143,45115,782483.7142857201
2022-08-12,42666.142857142855,41808,754094.285714291
2022-08-13,42314.28571428572,15291,726467.7142857201
2022-08-14,42191.42857142857,12337,699393.7142857201
2022-08-15,40899.0,54915,675806.4285714328
2022-08-16,40212.857142857145,58922,656106.285714291
2022-08-17,39556.142857142855,48505,639414.0000000037
2022-08-18,38963.142857142855,40964,624667.2857142873
2022-08-19,37950.71428571428,34721,610760.5714285709
2022-08-20,37690.42857142857,13469,597032.7142857127
2022-08-21,37435.857142857145,10555,583318.4285714291
2022-08-22,36537.0,48623,571202.0
2022-08-23,35114.857142857145,48967,559834.2857142873
2022-08-24,34090.28571428572,41333,549154.7142857164
2022-08-25,33085.28571428572,33929,538707.4285714328
2022-08-26,32571.14285714286,31122,528612.4285714328
2022-08-27,32300.571428571428,11575,518598.7142857164
2022-08-28,32136.571428571428,9407,508543.8571428582
2022-08-29,31533.428571428572,44401,499178.2857142873
2022-08-30,30856.14285714286,44226,489821.5714285709
2022-08-31,29884.85714285714,34534,480150.2857142873
2022-09-01,29317.0,29954,470504.1428571455
2022-09-02,28950.0,28553,461503.4285714328
2022-09-03,28910.14285714286,11296,452723.1428571455
2022-09-04,28920.0,9476,444207.2857142873
2022-09-05,28603.714285714286,42187,436274.0
2022-09-06,28424.571428571428,42972,429583.7142857127
2022-09-07,28794.428571428572,37123,424287.8571428545
2022-09-08,29151.85714285714,32456,420354.4285714254
2022-09-09,29375.571428571428,30119,417158.8571428545
2022-09-10,29439.571428571428,11744,414297.8571428545
2022-09-11,29551.285714285714,10258,411712.5714285709
2022-09-12,30178.14285714286,46575,410357.2857142836
2022-09-13,31010.285714285714,48797,410511.4285714291
2022-09-14,31546.571428571428,40877,412173.1428571418
2022-09-15,32306.428571428572,37775,415162.5714285709
2022-09-16,32931.42857142857,34494,419144.0
2022-09-17,33109.857142857145,12993,423343.7142857164
2022-09-18,33341.57142857143,11880,427765.2857142873
2022-09-19,34428.57142857143,54184,433590.1428571455
2022-09-20,35515.857142857145,56408,440681.4285714328
2022-09-21,37122.28571428572,52122,449009.28571429104
2022-09-22,38652.0,48483,458509.4285714328
2022-09-23,40729.28571428572,49035,469863.14285714924
2022-09-24,41989.857142857145,21817,482413.42857143655
2022-09-25,42981.142857142855,18819,495843.28571429104
2022-09-26,46508.142857142855,78873,512173.28571429104
2022-09-27,52086.71428571428,95458,533249.7142857164
2022-09-28,57190.42857142857,87848,558893.5714285746
2022-09-29,61033.57142857143,75385,587620.7142857164
2022-09-30,64486.857142857145,73208,619176.1428571455
2022-10-01,65715.71428571429,30419,651782.0
2022-10-02,66221.28571428571,22358,684661.7142857164
2022-10-03,58872.28571428572,27430,709105.4285714328
2022-10-04,63015.57142857143,124461,736605.1428571455
2022-10-05,70665.85714285714,141400,770148.7142857164
2022-10-06,79184.57142857143,135016,810681.2857142873
2022-10-07,84712.28571428571,111902,854664.2857142836
2022-10-08,85232.0,34057,897906.4285714254
2022-10-09,85934.0,27272,940859.2857142836
2022-10-10,101919.14285714286,139326,996270.2857142836
2022-10-11,103418.57142857143,134957,1047602.1428571455
2022-10-12,100091.28571428571,118109,1090503.0
2022-10-13,95341.42857142857,101767,1124810.8571428545
2022-10-14,92190.28571428571,89844,1152514.2857142799
2022-10-15,91543.28571428571,29528,1178341.8571428508
2022-10-16,90828.57142857143,22269,1202949.142857138
2022-10-17,88426.0,122508,1232502.8571428508
2022-10-18,86391.28571428571,120714,1255878.5714285634
2022-10-19,83907.28571428571,100721,1269119.9999999888
2022-10-20,80865.14285714286,80472,1270800.5714285597
2022-10-21,77876.42857142857,68923,1263964.7142857015
2022-10-22,76793.28571428571,21946,1255525.999999985
2022-10-23,76007.42857142857,16768,1245599.4285714105
2022-10-24,71159.14285714286,88570,1214839.4285714105
2022-10-25,66079.71428571429,85158,1177500.5714285523
2022-10-26,61025.142857142855,65339,1138434.4285714105
2022-10-27,57072.0,52800,1100164.999999985
2022-10-28,53537.0,44178,1061511.7142857015
2022-10-29,52369.857142857145,13776,1022338.2857142761
2022-10-30,51680.0,11939,983189.7142857015
2022-10-31,44813.857142857145,40507,939577.5714285597
2022-11-01,38130.57142857143,38375,891316.8571428508
2022-11-02,37384.28571428572,60115,844793.8571428508
2022-11-03,36372.42857142857,45717,800301.1428571343
2022-11-04,35212.42857142857,36058,757637.1428571343
2022-11-05,34844.142857142855,11198,715687.9999999925
2022-11-06,34395.142857142855,8796,674075.714285709
2022-11-07,35471.57142857143,48042,638388.1428571418
2022-11-08,36031.857142857145,42297,608340.2857142836
2022-11-09,32416.714285714286,34809,579731.8571428582
2022-11-10,30139.85714285714,29779,552799.7142857164
2022-11-11,28788.714285714286,26600,528051.4285714328
2022-11-12,28410.714285714286,8552,504092.28571429104
2022-11-13,28281.0,7888,480693.28571429104
2022-11-14,26766.714285714286,37442,462646.14285714924
2022-11-15,25831.428571428572,35750,450347.0
2022-11-16,25021.85714285714,29142,437984.5714285746
2022-11-17,24447.428571428572,25758,426059.5714285746
2022-11-18,24246.85714285714,25196,415094.00000000745
2022-11-19,24237.428571428572,8486,404487.28571429104
2022-11-20,24099.285714285714,6921,394191.4285714328
2022-11-21,23898.571428571428,36037,382618.4285714328
2022-11-22,23933.714285714286,35996,370520.28571429104
2022-11-23,24141.85714285714,30599,362245.4285714328
2022-11-24,24294.285714285714,26825,356399.8571428582
2022-11-25,24395.714285714286,25906,352006.8571428582
2022-11-26,24486.0,9118,348082.1428571418
2022-11-27,24545.428571428572,7337,344346.5714285672
2022-11-28,24861.85714285714,38252,342441.71428570896
2022-11-29,25449.714285714286,40111,342060.0
2022-11-30,25832.571428571428,33279,342870.7142857164
2022-12-01,26158.571428571428,29107,344581.85714286566
2022-12-02,26371.0,27393,346706.00000000745
2022-12-03,26408.85714285714,9383,348877.4285714403
2022-12-04,26436.14285714286,7528,351214.2857142985
2022-12-05,26599.14285714286,39393,353914.85714286566
2022-12-06,27121.714285714286,43769,357102.85714286566
2022-12-07,27507.0,35976,360468.00000000745
2022-12-08,27943.428571428572,32162,364117.14285714924
2022-12-09,28316.428571428572,30004,368037.8571428582
2022-12-10,28573.14285714286,11180,372125.0
2022-12-11,28636.714285714286,7973,376216.28571429104
2022-12-12,29484.428571428572,45327,380838.8571428582
2022-12-13,29854.428571428572,46359,385243.5714285672
2022-12-14,30720.0,42035,390130.99999999255
2022-12-15,31402.285714285714,36938,395374.7142857015
2022-12-16,31697.0,32067,400700.7142857015
2022-12-17,31628.571428571428,10701,405920.4285714179
2022-12-18,31694.714285714286,8436,411178.99999999255
2022-12-19,31948.0,47100,416527.85714285076
2022-12-20,32192.85714285714,48073,421598.99999999255
2022-12-21,32301.85714285714,42798,426393.85714285076
2022-12-22,32540.285714285714,38607,430990.71428570896
2022-12-23,32796.57142857143,33861,435470.8571428582
2022-12-24,32639.0,9598,439536.7142857164
2022-12-25,32347.428571428572,6395,443247.4285714254
2022-12-26,26658.428571428572,7277,440421.4285714254
2022-12-27,26173.714285714286,44680,436740.7142857164
2022-12-28,25449.14285714286,37726,431469.8571428582
2022-12-29,24014.428571428572,28564,424082.0
2022-12-30,22397.428571428572,22542,414782.4285714254
2022-12-31,21921.14285714286,6264,405074.99999999255
2023-01-01,21685.428571428572,4745,395065.7142857015
2023-01-02,25426.85714285714,33467,388544.5714285597
2023-01-03,23494.714285714286,31155,379846.4285714179
2023-01-04,21440.571428571428,23347,368985.14285713434
2023-01-05,20074.0,18998,356518.85714285076
2023-01-06,18649.714285714286,12572,342371.99999999255
2023-01-07,18360.571428571428,4240,328093.5714285672
2023-01-08,18124.14285714286,3090,313870.2857142836
2023-01-09,16751.428571428572,23858,303963.2857142836
2023-01-10,15174.142857142857,20114,292963.71428570896
2023-01-11,14016.714285714286,15245,281531.2857142836
2023-01-12,12924.57142857143,11353,270441.4285714328
2023-01-13,12505.857142857143,9641,260549.85714286566
2023-01-14,12361.714285714286,3231,250990.42857144028
2023-01-15,12288.0,2574,241593.0000000149
2023-01-16,10984.57142857143,14734,227150.71428573132
2023-01-17,10032.142857142857,13447,213688.1428571567
2023-01-18,9412.0,10904,201659.57142858207
2023-01-19,9158.285714285714,9577,190743.85714286566
2023-01-20,9035.57142857143,8782,181129.71428572387
2023-01-21,9036.42857142857,3237,171805.57142857462
2023-01-22,9070.0,2809,162751.42857143283
2023-01-23,9086.0,14846,155086.00000000745
2023-01-24,9414.57142857143,15747,149326.42857144028
2023-01-25,9740.714285714286,13187,145050.42857144028
2023-01-26,10121.42857142857,12242,142247.28571429104
2023-01-27,10442.42857142857,11029,140183.8571428582
2023-01-28,10487.42857142857,3552,138309.57142856717
2023-01-29,10525.714285714286,3077,136547.2857142836
2023-01-30,10916.142857142857,17579,136478.85714285076
2023-01-31,11386.142857142857,19037,137832.85714285076
2023-02-01,11723.714285714286,15550,140144.57142856717
2023-02-02,11846.285714285714,13100,142832.57142856717
2023-02-03,12030.42857142857,12318,145827.42857141793
2023-02-04,12049.0,3682,148839.99999999255
2023-02-05,12046.42857142857,3059,151816.42857141793
2023-02-06,12143.285714285714,18257,154873.7142857015
2023-02-07,12107.42857142857,18786,157566.57142855227
2023-02-08,12094.0,15456,159919.85714283586
2023-02-09,12133.0,13373,161931.42857141048
2023-02-10,12275.857142857143,13318,163764.8571428433
2023-02-11,12328.142857142857,4048,165605.57142855972
2023-02-12,12393.285714285714,3515,167473.1428571269
2023-02-13,12732.714285714286,20633,169289.7142857015
2023-02-14,12972.0,20461,170875.57142855972
2023-02-15,13345.57142857143,18071,172497.42857141793
2023-02-16,13773.57142857143,16369,174424.71428570896
2023-02-17,13901.714285714286,14215,176296.0
2023-02-18,13957.142857142857,4436,178204.1428571418
2023-02-19,14011.857142857143,3898,180169.57142857462
2023-02-20,13768.142857142857,18927,181794.42857143283
2023-02-21,14071.714285714286,22586,183758.71428572387
2023-02-22,14663.714285714286,22215,186328.42857144028
2023-02-23,15383.285714285714,21406,189578.71428572387
2023-02-24,16043.285714285714,18835,193346.14285714924
2023-02-25,16164.57142857143,5285,197182.57142858207
2023-02-26,16098.285714285714,3434,200887.57142858207
2023-02-27,16932.85714285714,24769,205087.71428572387
2023-02-28,16924.0,22524,209039.71428572387
2023-03-01,16031.285714285714,15966,211725.42857143283
2023-03-02,14225.857142857143,8768,212177.7142857164
2023-03-03,12575.142857142857,7280,210851.1428571418
2023-03-04,12075.714285714286,1789,208969.7142857164
2023-03-05,11791.57142857143,1445,206749.42857143283
2023-03-06,9598.0,9414,202579.28571429104
2023-03-07,7746.285714285715,9562,196253.8571428582
2023-03-08,6617.714285714285,8066,188207.8571428582
2023-03-09,6371.428571428572,7044,179196.0
2023-03-10,6240.857142857143,6366,169393.57142857462
2023-03-11,6239.0,1776,159468.0
2023-03-12,6232.285714285715,1398,149602.0
2023-03-13,6231.714285714285,9410,138900.8571428582
2023-03-14,6106.285714285715,8684,128083.1428571418
2023-03-15,5997.428571428572,7304,118049.28571428359
2023-03-16,5880.428571428572,6225,109703.85714285076
2023-03-17,5728.714285714285,5304,102857.42857142538
2023-03-18,5705.285714285715,1612,96486.99999999255
2023-03-19,5684.428571428572,1252,90379.8571428433
2023-03-20,5503.285714285715,8142,86285.14285712689
2023-03-21,5245.714285714285,6881,83784.57142855972
2023-03-22,5049.142857142857,5928,82215.9999999851
2023-03-23,4860.571428571428,4905,80705.14285713434
2023-03-24,4695.857142857143,4151,79160.14285713434
2023-03-25,4612.428571428572,1028,77533.57142855972
2023-03-26,4564.571428571428,917,75865.85714285076
2023-03-27,4245.285714285715,5907,73879.42857141793
2023-03-28,3919.285714285714,4599,71692.42857141793
2023-03-29,3635.4285714285716,3941,69330.42857141793
2023-03-30,3417.714285714286,3381,66867.71428570896
2023-03-31,3227.714285714286,2821,64366.714285708964
2023-04-01,3200.714285714286,839,61862.14285714179
2023-04-02,3160.714285714286,637,59338.42857143283
2023-04-03,2919.4285714285716,4218,56754.57142857462
2023-04-04,2771.5714285714284,3564,54280.42857143283
2023-04-05,2610.4285714285716,2813,51841.714285716414
2023-04-06,2454.714285714286,2291,49435.85714285821
2023-04-07,2125.285714285714,515,46865.285714283586
2023-04-08,2085.5714285714284,561,44338.42857143283
2023-04-09,2067.714285714286,512,41841.57142857462
2023-04-10,1550.2857142857142,596,39146.57142857462
2023-04-11,1636.142857142857,4165,36863.42857143283
2023-04-12,1620.4285714285713,2703,34848.42857143283
2023-04-13,1653.142857142857,2520,33083.85714285821
2023-04-14,1854.857142857143,1927,31711.0
2023-04-15,1850.4285714285713,530,30360.714285708964
2023-04-16,1843.4285714285713,463,29043.428571417928
2023-04-17,2170.714285714286,2887,28294.714285708964
2023-04-18,1926.2857142857142,2454,27449.428571417928
2023-04-19,1816.0,1931,26654.99999999255
2023-04-20,1702.7142857142858,1727,25902.99999999255
2023-04-21,1631.7142857142858,1430,25409.42857142538
2023-04-22,1613.142857142857,400,24936.99999999255
2023-04-23,1604.857142857143,405,24474.142857134342
2023-04-24,1523.5714285714287,2318,24447.42857142538
2023-04-25,1444.5714285714287,1901,24255.857142858207
2023-04-26,1395.5714285714287,1588,24031.00000000745
2023-04-27,1335.2857142857142,1305,23713.142857149243
2023-04-28,1300.2857142857142,1185,23158.57142857462
2023-04-29,1289.5714285714287,325,22597.714285723865
2023-04-30,1275.7142857142858,308,22030.0000000149
2023-05-01,998.2857142857143,376,20857.571428582072
2023-05-02,1044.0,2221,19975.285714298487
2023-05-03,1049.142857142857,1624,19208.42857144028
2023-05-04,1062.857142857143,1401,18568.571428582072
2023-05-05,1057.7142857142858,1149,17994.571428582072
2023-05-06,1054.4285714285713,302,17435.857142865658
2023-05-07,1047.5714285714287,260,16878.571428582072
2023-05-08,1244.2857142857142,1753,16599.285714291036
2023-05-09,1127.4285714285713,1403,16282.142857141793
2023-05-10,1054.857142857143,1116,15941.428571425378
2023-05-11,999.2857142857143,1012,15605.428571425378
2023-05-12,950.4285714285714,807,15255.571428567171
2023-05-13,940.1428571428571,230,14906.142857134342
2023-05-14,929.4285714285714,185,14559.857142843306
2023-05-15,862.8571428571429,1287,14424.428571417928
2023-05-16,799.0,956,14179.428571417928
2023-05-17,766.7142857142857,890,13896.99999999255
2023-05-18,647.7142857142857,179,13481.857142850757
2023-05-19,629.4285714285714,679,13053.57142855972
2023-05-20,628.5714285714286,224,12627.714285708964
2023-05-21,627.1428571428571,175,12207.285714276135
2023-05-22,608.4285714285714,1156,11571.428571417928
2023-05-23,593.7142857142857,853,11037.714285708964
2023-05-24,569.4285714285714,720,10552.285714276135
2023-05-25,629.5714285714286,600,10182.571428567171
2023-05-26,607.4285714285714,524,9839.571428567171
2023-05-27,589.5714285714286,99,9489.0
2023-05-28,583.4285714285714,132,9143.0
2023-05-29,439.85714285714283,151,8720.0
2023-05-30,437.42857142857144,836,8358.428571425378
2023-05-31,419.0,591,8010.714285708964
2023-06-01,411.7142857142857,549,7774.714285708964
2023-06-02,393.42857142857144,396,7538.714285708964
2023-06-03,393.7142857142857,101,7303.857142850757
2023-06-04,388.2857142857143,94,7064.999999992549
2023-06-05,463.7142857142857,679,6920.285714283586
2023-06-06,411.14285714285717,468,6737.714285708964
2023-06-07,389.42857142857144,439,6557.714285708964
2023-06-08,339.14285714285717,197,6267.285714276135
2023-06-09,341.2857142857143,411,6001.142857134342
2023-06-10,339.57142857142856,89,5751.142857134342
2023-06-11,338.0,83,5505.714285708964
2023-06-12,319.85714285714283,552,5385.714285708964
2023-06-13,312.57142857142856,417,5260.857142858207
2023-06-14,298.0,337,5139.857142858207
2023-06-15,312.0,295,5040.142857141793
2023-06-16,287.42857142857144,239,4934.142857141793
2023-06-17,282.85714285714283,57,4823.285714283586
2023-06-18,278.2857142857143,51,4713.285714283586
2023-06-19,259.14285714285717,418,4508.714285708964
2023-06-20,244.42857142857142,314,4341.999999992549
2023-06-21,232.28571428571428,252,4184.857142850757
2023-06-22,224.57142857142858,241,4070.2857142835855
2023-06-23,213.42857142857142,161,3942.4285714253783
2023-06-24,211.85714285714286,46,3814.714285708964
2023-06-25,211.85714285714286,51,3688.571428567171
2023-06-26,188.28571428571428,253,3556.9999999925494
2023-06-27,175.14285714285714,222,3419.5714285597205
2023-06-28,169.42857142857142,212,3290.999999985099
2023-06-29,160.28571428571428,177,3139.2857142686844
2023-06-30,160.14285714285714,160,3011.999999985099
2023-07-01,159.71428571428572,43,2888.857142843306
2023-07-02,157.28571428571428,34,2767.857142843306
2023-07-03,160.71428571428572,277,2669.4285714179277
2023-07-04,157.42857142857142,199,2582.4285714179277
2023-07-05,155.0,195,2505.142857134342
2023-07-06,152.42857142857142,159,2432.999999985099
2023-07-07,150.42857142857142,146,2369.999999985099
2023-07-08,152.71428571428572,59,2310.857142843306
2023-07-09,155.28571428571428,52,2254.2857142686844
2023-07-10,158.28571428571428,298,2224.2857142686844
2023-07-11,165.57142857142858,250,2214.7142857015133
2023-07-12,168.14285714285714,213,2213.4285714179277
2023-07-13,178.28571428571428,230,2231.4285714179277
2023-07-14,187.42857142857142,210,2258.7142857015133
2023-07-15,187.42857142857142,59,2286.428571410477
2023-07-16,187.71428571428572,54,2316.857142843306
2023-07-17,184.85714285714286,278,2340.999999985099
2023-07-18,181.28571428571428,225,2364.857142843306
2023-07-19,183.28571428571428,227,2393.1428571268916
2023-07-20,181.28571428571428,216,2421.999999985099
2023-07-21,181.14285714285714,209,2452.7142857015133
2023-07-22,184.0,79,2483.999999985099
2023-07-23,186.71428571428572,73,2515.4285714179277
2023-07-24,193.71428571428572,327,2550.8571428507566
2023-07-25,208.28571428571428,327,2593.5714285597205
2023-07-26,226.57142857142858,355,2651.9999999925494
2023-07-27,254.28571428571428,410,2727.9999999925494
2023-07-28,261.7142857142857,261,2802.2857142835855
2023-07-29,263.14285714285717,89,2878.0
2023-07-30,266.85714285714283,99,2957.142857141793
2023-07-31,286.85714285714283,467,3059.142857141793
2023-08-01,299.42857142857144,415,3177.2857142835855
2023-08-02,303.0,380,3297.0
2023-08-03,289.85714285714283,318,3405.5714285746217
2023-08-04,298.0,318,3522.428571432829
2023-08-05,303.0,124,3641.428571432829
2023-08-06,307.2857142857143,129,3762.0
2023-08-07,316.42857142857144,531,3884.714285708964
2023-08-08,331.85714285714283,523,4008.2857142835855
2023-08-09,340.7142857142857,442,4122.428571425378
2023-08-10,367.0,502,4235.142857141793
2023-08-11,386.14285714285717,452,4359.571428567171
2023-08-12,397.7142857142857,205,4494.142857141793
2023-08-13,406.85714285714283,193,4634.142857141793
2023-08-14,463.0,924,4810.285714283586
2023-08-15,495.7142857142857,752,5006.571428574622
2023-08-16,548.7142857142857,813,5252.285714291036
2023-08-17,588.7142857142857,782,5551.142857149243
2023-08-18,634.0,769,5887.142857149243
2023-08-19,637.5714285714286,230,6221.714285723865
2023-08-20,644.8571428571429,244,6559.285714298487
2023-08-21,672.2857142857143,1116,6915.142857156694
2023-08-22,703.4285714285714,970,7286.714285723865
2023-08-23,705.5714285714286,828,7651.571428582072
2023-08-24,712.5714285714286,831,7997.142857156694
2023-08-25,711.1428571428571,759,8322.142857156694
2023-08-26,718.7142857142857,283,8643.142857156694
2023-08-27,710.7142857142857,188,8947.000000014901
2023-08-28,721.1428571428571,1189,9205.142857156694
2023-08-29,730.4285714285714,1035,9439.857142865658
2023-08-30,756.7142857142857,1012,9647.857142865658
2023-08-31,770.0,924,9829.142857149243
2023-09-01,778.2857142857143,817,9973.428571432829
2023-09-02,778.4285714285714,284,10114.285714283586
2023-09-03,794.0,297,10263.428571425378
2023-09-04,824.8571428571429,1405,10416.0
2023-09-05,890.5714285714286,1495,10603.142857149243
2023-09-06,934.5714285714286,1320,10832.142857149243
2023-09-07,989.0,1305,11108.571428574622
2023-09-08,1037.142857142857,1154,11434.571428574622
2023-09-09,1044.7142857142858,337,11760.571428574622
2023-09-10,1049.5714285714287,331,12099.428571432829
2023-09-11,1123.2857142857142,1921,12501.571428574622
2023-09-12,1138.4285714285713,1601,12909.571428574622
2023-09-13,1164.857142857143,1505,13317.714285716414
2023-09-14,1160.4285714285713,1274,13708.142857141793
2023-09-15,1150.142857142857,1082,14080.0
2023-09-16,1155.7142857142858,376,14457.285714291036
2023-09-17,1146.142857142857,264,14809.428571432829
2023-09-18,1141.142857142857,1886,15125.714285716414
2023-09-19,1127.142857142857,1503,15362.285714283586
2023-09-20,1117.5714285714287,1438,15545.285714283586
2023-09-21,1123.5714285714287,1316,15679.857142858207
2023-09-22,1092.2857142857142,863,15735.0
2023-09-23,1054.4285714285713,111,15744.714285708964
2023-09-24,1025.0,58,15720.142857134342
2023-09-25,915.0,1116,15511.857142850757
