Datum,00-04,05-14,15-34,35-59,60-79,80+
2020-03-01,0,0,9,12,3,0
2020-03-02,0,0,11,15,3,0
2020-03-03,0,0,16,23,7,1
2020-03-04,0,0,18,33,13,1
2020-03-05,0,0,19,40,17,2
2020-03-06,0,0,20,52,17,4
2020-03-07,1,3,23,71,27,9
2020-03-08,1,3,26,75,36,9
2020-03-09,2,3,24,81,38,11
2020-03-10,2,3,23,91,45,17
2020-03-11,2,4,30,106,55,24
2020-03-12,3,4,34,116,78,27
2020-03-13,3,5,36,142,99,34
2020-03-14,2,2,42,180,117,45
2020-03-15,3,2,48,207,128,58
2020-03-16,2,2,53,233,153,78
2020-03-17,2,4,62,288,225,97
2020-03-18,2,4,67,339,298,138
2020-03-19,7,4,82,436,389,198
2020-03-20,8,4,108,506,507,256
2020-03-21,8,5,133,565,628,336
2020-03-22,12,5,139,655,759,428
2020-03-23,14,6,145,714,860,476
2020-03-24,18,6,164,780,996,556
2020-03-25,25,9,189,887,1203,663
2020-03-26,23,14,217,991,1425,793
2020-03-27,26,14,220,1097,1652,943
2020-03-28,31,13,227,1215,1881,1074
2020-03-29,30,15,240,1299,2084,1172
2020-03-30,32,15,258,1349,2212,1255
2020-03-31,31,15,264,1405,2340,1397
2020-04-01,30,12,283,1463,2529,1567
2020-04-02,29,7,280,1494,2599,1699
2020-04-03,30,6,292,1488,2628,1791
2020-04-04,30,12,308,1460,2638,1877
2020-04-05,30,14,305,1408,2549,1906
2020-04-06,26,17,300,1342,2482,1915
2020-04-07,29,18,310,1295,2433,1925
2020-04-08,31,18,290,1242,2269,1916
2020-04-09,30,21,279,1185,2181,1908
2020-04-10,28,22,260,1136,2091,1896
2020-04-11,25,16,227,1036,1892,1771
2020-04-12,22,12,224,980,1812,1745
2020-04-13,24,8,224,977,1757,1741
2020-04-14,18,5,192,889,1608,1644
2020-04-15,13,7,183,817,1503,1539
2020-04-16,12,5,182,744,1434,1487
2020-04-17,11,7,184,698,1355,1392
2020-04-18,11,10,195,689,1345,1394
2020-04-19,10,12,197,657,1302,1322
2020-04-20,9,12,187,633,1277,1258
2020-04-21,14,15,206,647,1263,1265
2020-04-22,13,16,201,607,1190,1203
2020-04-23,14,18,200,564,1086,1103
2020-04-24,15,16,200,503,961,1023
2020-04-25,17,16,188,461,895,937
2020-04-26,20,14,180,448,833,882
2020-04-27,20,15,180,417,767,830
2020-04-28,15,13,160,393,744,725
2020-04-29,15,9,161,385,705,687
2020-04-30,16,7,145,355,648,595
2020-05-01,16,11,138,357,636,552
2020-05-02,18,8,119,324,574,497
2020-05-03,19,8,114,286,531,454
2020-05-04,19,8,108,286,513,430
2020-05-05,21,7,111,271,461,415
2020-05-06,20,7,102,258,427,372
2020-05-07,18,7,98,258,404,374
2020-05-08,18,5,92,242,387,357
2020-05-09,13,7,95,249,387,357
2020-05-10,11,8,94,252,379,346
2020-05-11,10,7,90,241,384,347
2020-05-12,10,8,90,243,362,351
2020-05-13,10,11,83,225,348,326
2020-05-14,10,13,73,213,315,293
2020-05-15,7,10,68,194,280,273
2020-05-16,6,10,60,186,259,263
2020-05-17,5,12,53,176,246,263
2020-05-18,7,14,59,178,230,249
2020-05-19,8,13,49,152,222,218
2020-05-20,8,10,50,142,193,224
2020-05-21,7,9,56,136,193,202
2020-05-22,7,9,50,125,174,176
2020-05-23,7,7,56,122,169,167
2020-05-24,6,4,60,118,171,159
2020-05-25,4,2,51,117,172,167
2020-05-26,2,2,55,125,165,171
2020-05-27,1,2,48,127,168,141
2020-05-28,2,0,44,114,160,134
2020-05-29,2,0,45,125,167,139
2020-05-30,2,0,39,119,152,132
2020-05-31,4,0,33,129,145,124
2020-06-01,4,0,38,123,137,117
2020-06-02,3,1,30,111,121,100
2020-06-03,4,1,31,95,108,98
2020-06-04,3,1,35,99,101,101
2020-06-05,3,2,36,95,91,90
2020-06-06,3,2,38,93,93,79
2020-06-07,2,2,43,91,91,78
2020-06-08,3,5,40,94,90,74
2020-06-09,4,4,41,99,89,74
2020-06-10,4,6,40,96,85,69
2020-06-11,6,6,36,89,84,62
2020-06-12,9,6,37,77,75,61
2020-06-13,12,7,44,81,73,65
2020-06-14,11,7,46,80,69,64
2020-06-15,11,5,47,84,70,75
2020-06-16,11,5,47,84,71,79
2020-06-17,10,3,53,99,78,75
2020-06-18,9,3,54,102,67,75
2020-06-19,6,4,53,121,72,71
2020-06-20,4,3,54,127,75,64
2020-06-21,5,4,52,126,78,67
2020-06-22,5,3,52,120,81,62
2020-06-23,4,5,55,121,84,58
2020-06-24,4,8,51,117,81,58
2020-06-25,4,8,53,115,84,59
2020-06-26,6,6,55,104,90,65
2020-06-27,5,6,51,104,89,68
2020-06-28,4,5,47,103,88,61
2020-06-29,3,7,45,105,80,56
2020-06-30,4,6,46,110,79,56
2020-07-01,4,3,47,103,74,59
2020-07-02,4,5,46,96,68,57
2020-07-03,2,5,45,104,56,53
2020-07-04,3,5,50,98,54,50
2020-07-05,3,5,52,93,55,52
2020-07-06,3,4,53,93,55,52
2020-07-07,4,3,51,94,56,46
2020-07-08,4,4,45,97,59,40
2020-07-09,4,3,43,107,70,40
2020-07-10,5,3,43,96,72,42
2020-07-11,6,4,34,95,76,35
2020-07-12,7,5,37,99,76,33
2020-07-13,7,6,36,99,78,32
2020-07-14,5,7,35,96,83,35
2020-07-15,6,6,41,101,79,31
2020-07-16,9,8,44,99,80,32
2020-07-17,10,8,48,104,89,33
2020-07-18,9,7,58,109,88,38
2020-07-19,8,6,56,109,91,43
2020-07-20,9,5,62,106,92,48
2020-07-21,13,5,71,104,92,47
2020-07-22,12,5,67,101,105,53
2020-07-23,9,5,69,101,105,53
2020-07-24,10,6,62,99,103,51
2020-07-25,9,9,55,105,104,52
2020-07-26,11,9,57,113,107,50
2020-07-27,10,8,53,113,105,46
2020-07-28,7,7,47,122,105,55
2020-07-29,7,8,49,132,94,56
2020-07-30,6,5,46,138,105,58
2020-07-31,3,6,50,142,106,63
2020-08-01,4,3,51,140,106,67
2020-08-02,2,3,51,139,102,69
2020-08-03,2,5,48,147,107,78
2020-08-04,1,5,49,153,101,76
2020-08-05,1,5,57,154,114,80
2020-08-06,3,6,59,150,106,79
2020-08-07,3,4,55,155,106,80
2020-08-08,3,5,64,154,114,72
2020-08-09,3,5,68,154,116,72
2020-08-10,4,3,70,149,113,66
2020-08-11,5,5,75,147,123,71
2020-08-12,9,5,74,143,106,69
2020-08-13,8,7,72,150,111,74
2020-08-14,9,10,84,153,112,70
2020-08-15,11,11,79,155,109,80
2020-08-16,11,13,73,148,110,79
2020-08-17,11,13,74,151,117,78
2020-08-18,11,11,74,157,119,72
2020-08-19,9,12,70,165,129,71
2020-08-20,9,11,81,159,121,62
2020-08-21,11,9,82,155,122,63
2020-08-22,9,10,85,162,118,55
2020-08-23,10,11,93,171,113,48
2020-08-24,9,11,93,170,107,45
2020-08-25,9,14,87,168,105,43
2020-08-26,7,14,87,153,109,41
2020-08-27,7,12,78,158,101,41
2020-08-28,5,11,77,161,106,35
2020-08-29,7,8,72,152,104,39
2020-08-30,6,5,66,149,105,40
2020-08-31,6,8,67,151,103,40
2020-09-01,7,6,70,147,99,37
2020-09-02,7,5,72,153,104,35
2020-09-03,6,6,73,148,106,37
2020-09-04,6,7,70,146,103,38
2020-09-05,4,9,73,148,107,36
2020-09-06,4,10,75,151,111,46
2020-09-07,4,7,76,147,120,50
2020-09-08,7,6,75,144,117,56
2020-09-09,8,9,69,136,116,66
2020-09-10,10,9,64,146,123,75
2020-09-11,12,11,60,147,128,86
2020-09-12,12,9,55,141,135,96
2020-09-13,12,11,50,150,141,93
2020-09-14,12,11,50,162,140,98
2020-09-15,8,12,49,177,158,98
2020-09-16,9,9,58,193,169,108
2020-09-17,7,10,69,200,180,110
2020-09-18,6,11,73,227,197,126
2020-09-19,8,14,78,250,201,133
2020-09-20,8,11,81,241,208,134
2020-09-21,8,11,82,237,213,134
2020-09-22,8,11,87,239,227,143
2020-09-23,6,12,88,236,219,150
2020-09-24,8,11,95,234,238,161
2020-09-25,8,7,105,236,244,155
2020-09-26,7,5,107,231,253,150
2020-09-27,7,7,113,240,256,156
2020-09-28,9,7,111,241,263,155
2020-09-29,11,6,117,245,258,159
2020-09-30,14,5,118,252,281,156
2020-10-01,15,4,118,261,281,158
2020-10-02,15,4,107,257,279,167
2020-10-03,16,7,114,259,278,173
2020-10-04,16,9,109,277,295,174
2020-10-05,15,9,119,281,291,175
2020-10-06,16,9,122,312,310,190
2020-10-07,18,9,139,347,343,211
2020-10-08,17,13,147,397,393,244
2020-10-09,18,20,171,433,437,268
2020-10-10,20,20,186,463,474,319
2020-10-11,20,17,209,479,484,350
2020-10-12,20,17,206,502,511,361
2020-10-13,18,20,216,511,554,409
2020-10-14,15,22,221,532,568,424
2020-10-15,18,22,225,553,619,449
2020-10-16,16,19,236,605,671,478
2020-10-17,17,22,242,653,735,509
2020-10-18,22,25,249,660,771,535
2020-10-19,26,26,275,684,794,562
2020-10-20,34,27,294,729,852,600
2020-10-21,41,28,294,775,965,698
2020-10-22,43,30,331,839,1050,812
2020-10-23,51,28,367,868,1170,928
2020-10-24,48,25,397,946,1266,1023
2020-10-25,52,28,426,1022,1356,1100
2020-10-26,49,29,433,1071,1437,1151
2020-10-27,53,27,447,1145,1569,1262
2020-10-28,50,31,504,1247,1665,1362
2020-10-29,52,32,537,1300,1806,1417
2020-10-30,53,40,531,1395,1897,1471
2020-10-31,62,44,538,1466,2004,1569
2020-11-01,57,46,549,1502,2063,1635
2020-11-02,63,50,555,1524,2123,1701
2020-11-03,64,60,579,1579,2183,1794
2020-11-04,70,59,573,1618,2286,1894
2020-11-05,67,62,565,1659,2320,1975
2020-11-06,66,60,596,1695,2344,2074
2020-11-07,64,61,615,1699,2370,2087
2020-11-08,66,61,593,1702,2407,2090
2020-11-09,64,59,605,1722,2422,2073
2020-11-10,57,58,587,1734,2439,2071
2020-11-11,59,64,588,1733,2426,2080
2020-11-12,60,62,583,1741,2465,2169
2020-11-13,65,64,578,1763,2551,2260
2020-11-14,62,71,580,1770,2620,2355
2020-11-15,63,71,601,1802,2655,2463
2020-11-16,66,70,587,1761,2636,2529
2020-11-17,66,65,612,1751,2688,2607
2020-11-18,66,60,624,1803,2815,2731
2020-11-19,64,61,627,1791,2841,2765
2020-11-20,59,60,636,1727,2895,2822
2020-11-21,59,50,621,1733,2912,2894
2020-11-22,59,54,619,1686,2911,2842
2020-11-23,54,58,614,1711,2927,2853
2020-11-24,54,57,604,1701,2969,2925
2020-11-25,49,58,600,1665,2934,2916
2020-11-26,63,65,600,1741,2924,2985
2020-11-27,61,66,571,1783,2896,2985
2020-11-28,60,73,570,1745,2876,3019
2020-11-29,60,67,576,1743,2907,3090
2020-11-30,61,66,572,1732,2896,3111
2020-12-01,63,64,562,1727,2871,3130
2020-12-02,66,65,576,1702,2902,3240
2020-12-03,54,58,568,1653,3000,3299
2020-12-04,52,62,592,1693,3072,3440
2020-12-05,53,60,610,1699,3150,3557
2020-12-06,54,62,601,1709,3144,3594
2020-12-07,57,62,612,1696,3222,3635
2020-12-08,61,66,620,1744,3314,3748
2020-12-09,58,67,607,1814,3420,3909
2020-12-10,58,71,660,1864,3517,4042
2020-12-11,68,71,671,1876,3700,4165
2020-12-12,68,68,679,1924,3838,4273
2020-12-13,73,66,679,1954,3960,4470
2020-12-14,69,67,679,1998,3981,4578
2020-12-15,68,71,696,1989,4058,4724
2020-12-16,72,71,714,2020,4159,4853
2020-12-17,76,80,692,2036,4278,4996
2020-12-18,72,76,697,2099,4281,5076
2020-12-19,80,83,719,2162,4343,5198
2020-12-20,78,85,717,2200,4385,5184
2020-12-21,76,84,725,2216,4445,5166
2020-12-22,72,82,706,2224,4491,5211
2020-12-23,70,81,701,2249,4586,5326
2020-12-24,68,71,703,2274,4634,5398
2020-12-25,64,69,668,2098,4333,5064
2020-12-26,56,59,594,1918,3967,4611
2020-12-27,53,51,595,1865,3901,4539
2020-12-28,53,49,590,1876,3953,4627
2020-12-29,59,47,616,1898,3929,4627
2020-12-30,65,45,667,1955,3980,4658
2020-12-31,68,42,649,1960,3940,4590
2021-01-01,71,43,645,1962,3976,4642
2021-01-02,68,45,629,1927,3973,4569
2021-01-03,67,49,613,1938,3945,4553
2021-01-04,73,51,617,1932,3885,4518
2021-01-05,73,53,610,1892,3864,4422
2021-01-06,76,51,539,1813,3764,4302
2021-01-07,70,45,544,1727,3612,4209
2021-01-08,67,40,562,1814,3812,4450
2021-01-09,73,40,604,1959,4160,4845
2021-01-10,73,38,619,1938,4148,4858
2021-01-11,70,35,596,1859,4039,4734
2021-01-12,60,35,579,1816,3943,4642
2021-01-13,51,40,581,1769,3829,4526
2021-01-14,55,44,563,1753,3807,4475
2021-01-15,63,45,537,1684,3711,4429
2021-01-16,62,48,545,1662,3552,4355
2021-01-17,59,47,534,1642,3510,4316
2021-01-18,60,48,540,1644,3495,4301
2021-01-19,60,49,504,1601,3443,4217
2021-01-20,54,42,493,1572,3399,4126
2021-01-21,54,44,480,1567,3360,4112
2021-01-22,45,42,474,1571,3260,4008
2021-01-23,38,36,437,1527,3260,3882
2021-01-24,41,38,429,1545,3243,3845
2021-01-25,41,35,416,1526,3214,3760
2021-01-26,45,27,428,1500,3169,3696
2021-01-27,45,27,417,1429,3094,3559
2021-01-28,43,25,404,1404,3075,3434
2021-01-29,42,23,407,1359,3053,3267
2021-01-30,45,27,429,1333,2915,3192
2021-01-31,39,30,415,1287,2866,3061
2021-02-01,35,34,405,1266,2828,3044
2021-02-02,31,34,377,1256,2792,2958
2021-02-03,30,37,376,1272,2689,2877
2021-02-04,34,38,380,1228,2585,2726
2021-02-05,34,47,364,1228,2528,2713
2021-02-06,35,45,354,1188,2471,2625
2021-02-07,40,41,351,1164,2439,2612
2021-02-08,44,36,359,1167,2398,2559
2021-02-09,46,39,373,1135,2293,2459
2021-02-10,48,36,350,1074,2204,2330
2021-02-11,46,36,341,1055,2145,2230
2021-02-12,46,27,319,1000,2077,2078
2021-02-13,46,24,303,1012,2056,1973
2021-02-14,48,23,306,996,1987,1885
2021-02-15,43,25,305,994,1986,1911
2021-02-16,43,23,300,1002,1967,1874
2021-02-17,44,22,295,1011,2001,1859
2021-02-18,41,17,287,987,1969,1842
2021-02-19,42,17,307,1028,1974,1803
2021-02-20,40,19,307,1022,1941,1780
2021-02-21,35,20,313,1070,2005,1776
2021-02-22,36,23,309,1064,2022,1709
2021-02-23,33,22,306,1060,2049,1685
2021-02-24,35,25,320,1114,1993,1602
2021-02-25,35,27,331,1158,1974,1559
2021-02-26,38,33,337,1115,1946,1536
2021-02-27,41,34,330,1115,1941,1527
2021-02-28,44,34,332,1102,1902,1525
2021-03-01,47,30,330,1127,1840,1512
2021-03-02,48,29,330,1130,1792,1503
2021-03-03,49,30,330,1107,1790,1488
2021-03-04,50,30,330,1085,1764,1429
2021-03-05,47,30,330,1090,1697,1385
2021-03-06,48,29,355,1083,1685,1316
2021-03-07,47,30,359,1095,1677,1283
2021-03-08,52,29,355,1075,1682,1280
2021-03-09,53,31,354,1077,1663,1232
2021-03-10,57,28,365,1094,1677,1212
2021-03-11,52,30,371,1138,1646,1230
2021-03-12,56,29,391,1231,1694,1238
2021-03-13,54,31,380,1293,1699,1279
2021-03-14,56,31,394,1340,1723,1303
2021-03-15,53,36,413,1387,1766,1304
2021-03-16,61,44,441,1429,1782,1346
2021-03-17,59,54,448,1510,1837,1354
2021-03-18,73,57,475,1546,1939,1319
2021-03-19,75,65,463,1590,2006,1310
2021-03-20,81,71,474,1638,2103,1315
2021-03-21,83,73,485,1636,2150,1285
2021-03-22,84,70,488,1654,2188,1318
2021-03-23,86,68,494,1711,2246,1309
2021-03-24,88,67,513,1758,2295,1350
2021-03-25,87,78,541,1853,2352,1424
2021-03-26,92,76,577,1906,2434,1447
2021-03-27,91,83,600,1948,2501,1482
2021-03-28,90,88,611,2003,2529,1539
2021-03-29,94,92,627,2003,2562,1545
2021-03-30,98,98,648,2031,2631,1566
2021-03-31,100,102,662,2057,2682,1566
2021-04-01,97,97,652,2117,2732,1566
2021-04-02,95,94,657,2148,2739,1560
2021-04-03,94,81,638,2096,2655,1489
2021-04-04,99,84,630,2061,2662,1441
2021-04-05,96,86,631,2090,2661,1438
2021-04-06,87,76,613,2030,2582,1377
2021-04-07,82,63,605,1946,2524,1370
2021-04-08,88,65,622,2057,2612,1371
2021-04-09,96,70,645,2137,2677,1391
2021-04-10,110,72,711,2296,2829,1418
2021-04-11,110,65,728,2364,2874,1442
2021-04-12,114,67,758,2400,2874,1449
2021-04-13,117,70,788,2510,3003,1505
2021-04-14,120,75,831,2628,3146,1496
2021-04-15,124,77,840,2501,3119,1484
2021-04-16,113,82,827,2440,3065,1484
2021-04-17,102,83,815,2397,3040,1495
2021-04-18,100,88,804,2441,3025,1471
2021-04-19,94,85,777,2422,3072,1466
2021-04-20,95,83,778,2462,3088,1488
2021-04-21,96,97,773,2516,3090,1495
2021-04-22,83,89,766,2577,3054,1473
2021-04-23,91,81,776,2623,3086,1457
2021-04-24,95,90,778,2625,3091,1455
2021-04-25,95,91,806,2579,3078,1469
2021-04-26,97,85,803,2582,3042,1436
2021-04-27,95,88,779,2524,3002,1404
2021-04-28,98,83,752,2462,2912,1325
2021-04-29,101,85,735,2388,2861,1276
2021-04-30,90,87,707,2292,2774,1234
2021-05-01,82,88,684,2233,2668,1216
2021-05-02,82,93,658,2222,2626,1192
2021-05-03,80,103,654,2199,2579,1188
2021-05-04,87,107,660,2154,2500,1138
2021-05-05,80,101,655,2090,2376,1137
2021-05-06,80,106,633,2036,2299,1107
2021-05-07,81,105,616,1942,2240,1085
2021-05-08,78,88,590,1880,2208,1031
2021-05-09,80,74,567,1807,2140,969
2021-05-10,82,67,563,1749,2098,969
2021-05-11,73,60,546,1698,2031,939
2021-05-12,75,57,529,1633,2000,893
2021-05-13,76,47,517,1529,1939,869
2021-05-14,79,37,492,1419,1754,775
2021-05-15,80,41,468,1303,1581,715
2021-05-16,74,44,455,1269,1543,733
2021-05-17,67,42,460,1273,1523,715
2021-05-18,66,40,442,1216,1472,698
2021-05-19,59,37,439,1137,1314,655
2021-05-20,53,38,431,1047,1181,617
2021-05-21,47,43,420,1024,1160,608
2021-05-22,48,40,412,988,1141,611
2021-05-23,51,40,394,925,1042,549
2021-05-24,49,40,362,863,978,513
2021-05-25,42,39,326,777,849,441
2021-05-26,41,37,276,664,772,407
2021-05-27,37,30,263,646,714,368
2021-05-28,34,25,244,625,662,348
2021-05-29,29,28,232,611,594,314
2021-05-30,22,23,222,584,583,315
2021-05-31,28,26,212,576,583,301
2021-06-01,27,30,221,598,582,304
2021-06-02,25,29,218,590,561,280
2021-06-03,22,30,189,519,494,253
2021-06-04,18,33,177,467,448,225
2021-06-05,20,27,154,422,400,209
2021-06-06,18,28,156,407,365,197
2021-06-07,13,24,156,399,349,202
2021-06-08,16,23,150,358,338,198
2021-06-09,16,24,135,350,307,184
2021-06-10,16,25,122,342,278,167
2021-06-11,21,21,129,333,270,160
2021-06-12,18,24,136,317,262,153
2021-06-13,18,22,123,293,246,139
2021-06-14,19,22,122,278,241,128
2021-06-15,18,18,114,284,218,120
2021-06-16,17,14,106,249,195,112
2021-06-17,17,11,103,225,180,109
2021-06-18,14,11,93,210,162,101
2021-06-19,15,7,86,205,156,84
2021-06-20,17,9,89,200,150,84
2021-06-21,16,8,87,203,136,79
2021-06-22,15,8,92,193,127,64
2021-06-23,17,9,98,172,120,62
2021-06-24,17,8,103,163,103,52
2021-06-25,16,7,101,150,98,51
2021-06-26,14,9,96,138,89,53
2021-06-27,12,7,92,128,90,50
2021-06-28,12,7,89,122,88,49
2021-06-29,10,7,79,110,91,50
2021-06-30,6,10,74,105,94,41
2021-07-01,8,12,61,104,97,43
2021-07-02,9,13,61,112,95,42
2021-07-03,8,11,66,113,93,40
2021-07-04,7,10,64,113,88,39
2021-07-05,6,10,65,111,91,38
2021-07-06,5,9,69,123,87,37
2021-07-07,7,5,73,128,83,39
2021-07-08,4,2,79,122,81,42
2021-07-09,2,2,74,113,84,40
2021-07-10,5,4,71,121,89,47
2021-07-11,5,6,75,131,94,53
2021-07-12,6,6,75,130,91,56
2021-07-13,8,6,77,129,92,56
2021-07-14,8,6,80,132,92,58
2021-07-15,8,7,82,145,98,53
2021-07-16,9,6,88,153,91,49
2021-07-17,8,4,96,152,91,47
2021-07-18,9,3,98,149,89,48
2021-07-19,11,3,103,159,91,48
2021-07-20,11,4,120,161,95,58
2021-07-21,11,4,129,175,98,55
2021-07-22,13,3,145,181,100,61
2021-07-23,12,4,152,198,112,63
2021-07-24,14,4,159,208,117,68
2021-07-25,18,7,167,213,123,65
2021-07-26,16,8,164,211,124,64
2021-07-27,14,10,155,217,121,59
2021-07-28,16,15,166,231,131,78
2021-07-29,17,18,172,251,144,84
2021-07-30,20,19,170,261,149,95
2021-07-31,20,21,175,280,163,94
2021-08-01,20,19,172,292,162,96
2021-08-02,20,21,176,298,177,98
2021-08-03,25,20,198,319,197,105
2021-08-04,24,18,198,351,195,102
2021-08-05,23,16,198,357,192,104
2021-08-06,22,18,228,360,193,111
2021-08-07,24,19,237,375,189,117
2021-08-08,21,23,253,379,202,124
2021-08-09,22,22,260,387,194,126
2021-08-10,25,25,262,411,209,127
2021-08-11,28,30,282,460,234,127
2021-08-12,36,33,305,517,262,139
2021-08-13,46,37,325,568,297,147
2021-08-14,45,40,354,612,317,162
2021-08-15,53,37,374,656,331,162
2021-08-16,57,39,387,689,342,175
2021-08-17,61,43,410,759,350,191
2021-08-18,64,44,453,801,363,224
2021-08-19,65,52,492,832,392,229
2021-08-20,71,55,504,884,408,231
2021-08-21,77,62,512,917,433,234
2021-08-22,74,63,518,964,443,243
2021-08-23,74,62,535,993,457,247
2021-08-24,73,60,573,1058,491,260
2021-08-25,82,65,604,1130,553,270
2021-08-26,89,70,621,1202,579,302
2021-08-27,85,73,639,1238,596,341
2021-08-28,85,75,660,1295,612,355
2021-08-29,85,78,681,1335,644,368
2021-08-30,85,78,663,1358,655,377
2021-08-31,88,82,642,1317,667,394
2021-09-01,83,78,632,1335,672,425
2021-09-02,78,72,633,1328,675,442
2021-09-03,76,76,652,1317,695,439
2021-09-04,74,70,644,1323,727,462
2021-09-05,77,70,626,1315,728,474
2021-09-06,81,71,629,1306,730,476
2021-09-07,91,79,631,1297,728,489
2021-09-08,92,90,631,1237,770,494
2021-09-09,96,87,611,1238,796,495
2021-09-10,99,81,592,1252,808,525
2021-09-11,98,85,581,1253,802,541
2021-09-12,99,83,585,1211,800,562
2021-09-13,95,83,592,1187,799,560
2021-09-14,90,73,578,1195,799,568
2021-09-15,88,61,554,1172,733,590
2021-09-16,81,64,537,1137,719,603
2021-09-17,81,60,511,1098,708,572
2021-09-18,85,56,507,1020,697,563
2021-09-19,81,58,489,1019,679,534
2021-09-20,81,58,474,993,664,533
2021-09-21,76,55,459,922,682,524
2021-09-22,71,60,438,895,702,475
2021-09-23,73,59,423,852,705,456
2021-09-24,74,61,423,855,677,470
2021-09-25,75,54,412,862,664,456
2021-09-26,72,52,397,829,668,470
2021-09-27,71,55,395,825,670,471
2021-09-28,67,55,392,830,663,499
2021-09-29,72,56,406,850,671,547
2021-09-30,72,55,407,872,650,577
2021-10-01,69,52,387,832,653,581
2021-10-02,67,57,373,828,645,595
2021-10-03,67,56,385,806,658,592
2021-10-04,67,53,384,808,655,589
2021-10-05,72,47,369,801,657,565
2021-10-06,62,44,324,770,649,571
2021-10-07,55,42,319,747,673,586
2021-10-08,48,44,308,755,711,608
2021-10-09,43,48,320,760,757,621
2021-10-10,49,48,313,798,765,632
2021-10-11,50,48,306,791,782,655
2021-10-12,45,52,334,801,795,699
2021-10-13,52,52,343,810,848,690
2021-10-14,52,51,352,819,854,688
2021-10-15,54,52,377,847,884,700
2021-10-16,53,52,378,833,913,738
2021-10-17,46,58,382,835,929,761
2021-10-18,47,55,385,859,943,784
2021-10-19,47,58,388,905,1036,861
2021-10-20,54,60,429,978,1138,998
2021-10-21,64,64,448,1044,1233,1104
2021-10-22,66,61,473,1081,1329,1196
2021-10-23,75,61,476,1151,1428,1292
2021-10-24,86,59,491,1198,1499,1364
2021-10-25,84,58,515,1209,1523,1376
2021-10-26,93,55,526,1252,1533,1437
2021-10-27,93,55,523,1314,1553,1466
2021-10-28,92,62,542,1395,1659,1584
2021-10-29,88,68,540,1459,1718,1682
2021-10-30,89,69,553,1512,1777,1726
2021-10-31,84,73,557,1527,1820,1744
2021-11-01,87,75,549,1547,1868,1797
2021-11-02,81,78,533,1505,1848,1800
2021-11-03,76,84,526,1484,1963,1925
2021-11-04,72,81,525,1535,2069,2025
2021-11-05,88,89,535,1607,2169,2106
2021-11-06,87,99,569,1676,2221,2204
2021-11-07,88,101,575,1691,2265,2260
2021-11-08,95,110,588,1702,2280,2294
2021-11-09,100,120,623,1787,2469,2431
2021-11-10,107,127,664,1892,2589,2475
2021-11-11,109,149,677,1915,2669,2447
2021-11-12,105,157,683,1959,2766,2538
2021-11-13,114,157,677,2013,2874,2581
2021-11-14,116,153,692,2085,2915,2634
2021-11-15,108,154,701,2123,3041,2679
2021-11-16,125,158,703,2210,3133,2740
2021-11-17,125,175,743,2284,3275,2865
2021-11-18,136,179,759,2368,3342,2962
2021-11-19,140,192,779,2408,3388,3039
2021-11-20,134,202,793,2473,3487,3127
2021-11-21,137,210,781,2468,3540,3136
2021-11-22,143,219,782,2519,3553,3183
2021-11-23,131,219,801,2570,3636,3289
2021-11-24,150,212,776,2613,3678,3349
2021-11-25,149,206,773,2655,3782,3386
2021-11-26,148,203,785,2723,3858,3321
2021-11-27,155,201,785,2697,3898,3297
2021-11-28,147,200,791,2719,3933,3333
2021-11-29,153,189,796,2697,3917,3289
2021-11-30,159,193,791,2703,3888,3180
2021-12-01,147,187,792,2636,3799,3088
2021-12-02,156,193,792,2649,3823,3040
2021-12-03,153,195,798,2637,3786,3021
2021-12-04,151,206,804,2650,3731,3020
2021-12-05,167,206,814,2668,3739,2991
2021-12-06,163,215,803,2674,3771,3017
2021-12-07,158,214,815,2668,3819,3058
2021-12-08,156,213,821,2745,3861,3010
2021-12-09,144,198,852,2662,3768,2992
2021-12-10,149,195,848,2588,3707,2981
2021-12-11,153,188,818,2514,3631,2920
2021-12-12,146,202,807,2460,3588,2903
2021-12-13,149,190,798,2409,3510,2795
2021-12-14,150,180,790,2315,3375,2669
2021-12-15,160,195,760,2211,3310,2638
2021-12-16,159,203,721,2142,3165,2583
2021-12-17,160,189,700,2053,3089,2477
2021-12-18,148,182,708,1961,3034,2375
2021-12-19,144,164,696,1926,2956,2288
2021-12-20,135,166,700,1901,2898,2278
2021-12-21,136,176,674,1841,2831,2186
2021-12-22,124,160,657,1790,2655,2052
2021-12-23,122,150,627,1708,2524,1913
2021-12-24,110,143,606,1654,2395,1813
2021-12-25,107,124,546,1529,2141,1638
2021-12-26,105,119,513,1413,1968,1545
2021-12-27,104,116,514,1388,1922,1522
2021-12-28,99,101,518,1395,1858,1483
2021-12-29,101,88,542,1373,1823,1428
2021-12-30,97,79,565,1385,1811,1394
2021-12-31,104,72,578,1387,1813,1378
2022-01-01,101,72,599,1393,1824,1398
2022-01-02,103,67,633,1410,1808,1368
2022-01-03,117,70,648,1411,1788,1364
2022-01-04,127,82,693,1411,1764,1383
2022-01-05,132,76,754,1374,1721,1353
2022-01-06,149,78,790,1327,1685,1319
2022-01-07,157,89,831,1249,1558,1242
2022-01-08,173,106,924,1310,1572,1251
2022-01-09,186,122,940,1337,1599,1275
2022-01-10,175,126,947,1341,1579,1235
2022-01-11,189,123,962,1338,1509,1161
2022-01-12,198,150,945,1307,1368,1095
2022-01-13,202,180,985,1307,1277,1058
2022-01-14,213,192,984,1359,1281,1077
2022-01-15,228,206,967,1400,1284,1086
2022-01-16,233,209,981,1415,1286,1102
2022-01-17,245,214,978,1417,1309,1118
2022-01-18,259,236,1012,1420,1353,1186
2022-01-19,265,250,1069,1483,1414,1244
2022-01-20,284,268,1092,1578,1497,1316
2022-01-21,301,305,1160,1646,1547,1374
2022-01-22,329,331,1239,1704,1636,1458
2022-01-23,324,343,1268,1718,1675,1513
2022-01-24,337,343,1328,1778,1700,1579
2022-01-25,357,374,1375,1864,1781,1653
2022-01-26,394,388,1417,1903,1880,1758
2022-01-27,397,405,1425,1922,1931,1833
2022-01-28,398,398,1432,1960,2015,1920
2022-01-29,398,402,1444,1988,2043,2006
2022-01-30,410,417,1490,2029,2078,2044
2022-01-31,402,434,1463,2034,2115,2054
2022-02-01,412,438,1466,2038,2175,2103
2022-02-02,407,454,1471,2068,2294,2234
2022-02-03,403,461,1518,2143,2445,2371
2022-02-04,421,459,1576,2184,2589,2577
2022-02-05,425,466,1613,2218,2713,2680
2022-02-06,419,460,1569,2239,2775,2767
2022-02-07,425,449,1561,2241,2798,2841
2022-02-08,403,445,1600,2301,2879,2983
2022-02-09,401,447,1604,2366,2961,3112
2022-02-10,431,418,1589,2362,2949,3194
2022-02-11,418,438,1546,2344,2920,3208
2022-02-12,412,417,1481,2342,2894,3268
2022-02-13,416,418,1463,2295,2858,3269
2022-02-14,411,413,1451,2272,2855,3252
2022-02-15,425,390,1412,2240,2814,3274
2022-02-16,441,372,1383,2180,2799,3341
2022-02-17,423,381,1350,2158,2857,3387
2022-02-18,423,362,1313,2149,2903,3453
2022-02-19,425,360,1298,2092,2941,3469
2022-02-20,424,356,1293,2108,3008,3473
2022-02-21,429,354,1290,2123,3027,3507
2022-02-22,421,362,1257,2113,3112,3543
2022-02-23,406,353,1223,2107,3136,3471
2022-02-24,412,326,1224,2040,3106,3494
2022-02-25,419,318,1218,2007,3063,3424
2022-02-26,405,307,1207,1968,3064,3440
2022-02-27,402,287,1201,1960,3067,3461
2022-02-28,393,286,1184,1915,3037,3456
2022-03-01,390,259,1147,1890,2974,3410
2022-03-02,391,245,1122,1838,2948,3411
2022-03-03,408,252,1112,1818,2915,3411
2022-03-04,392,250,1122,1813,2963,3451
2022-03-05,391,246,1142,1848,2961,3420
2022-03-06,395,243,1163,1842,2916,3403
2022-03-07,403,249,1187,1857,2937,3392
2022-03-08,416,273,1217,1838,2980,3482
2022-03-09,426,284,1289,1889,3096,3602
2022-03-10,410,291,1297,1945,3199,3713
2022-03-11,418,289,1335,1993,3229,3853
2022-03-12,435,293,1327,2008,3330,3990
2022-03-13,459,302,1346,2008,3393,4049
2022-03-14,457,294,1357,2012,3436,4116
2022-03-15,483,315,1404,2123,3585,4275
2022-03-16,484,331,1389,2145,3655,4403
2022-03-17,478,336,1385,2162,3748,4498
2022-03-18,487,325,1361,2147,3870,4559
2022-03-19,485,324,1347,2171,3868,4630
2022-03-20,473,324,1297,2155,3876,4607
2022-03-21,472,329,1277,2157,3861,4561
2022-03-22,446,299,1237,2132,3856,4589
2022-03-23,449,277,1241,2158,3846,4618
2022-03-24,456,267,1260,2124,3899,4558
2022-03-25,455,275,1249,2136,3862,4472
2022-03-26,453,270,1262,2116,3898,4449
2022-03-27,431,265,1277,2104,3923,4484
2022-03-28,420,259,1288,2093,3929,4516
2022-03-29,429,255,1283,2075,3936,4515
2022-03-30,420,255,1230,2050,3943,4458
2022-03-31,409,248,1202,2023,3816,4448
2022-04-01,415,240,1181,1976,3748,4385
2022-04-02,405,230,1117,1925,3637,4189
2022-04-03,411,220,1091,1912,3522,4075
2022-04-04,414,217,1059,1881,3469,3979
2022-04-05,380,214,1040,1825,3396,3876
2022-04-06,376,208,1009,1764,3238,3716
2022-04-07,360,197,946,1746,3210,3621
2022-04-08,340,181,888,1696,3175,3544
2022-04-09,336,195,916,1665,3122,3554
2022-04-10,331,202,906,1641,3101,3539
2022-04-11,333,203,909,1650,3087,3544
2022-04-12,360,196,910,1646,3047,3521
2022-04-13,338,188,892,1596,3068,3470
2022-04-14,349,178,873,1537,2949,3366
2022-04-15,338,177,880,1517,2903,3331
2022-04-16,306,148,781,1364,2636,3024
2022-04-17,305,139,770,1340,2562,2981
2022-04-18,294,133,752,1312,2528,2924
2022-04-19,225,111,621,1096,2116,2474
2022-04-20,247,104,671,1135,2171,2610
2022-04-21,237,112,695,1196,2241,2671
2022-04-22,235,106,698,1196,2209,2654
2022-04-23,253,112,767,1336,2394,2861
2022-04-24,251,109,753,1340,2412,2821
2022-04-25,251,111,759,1358,2410,2821
2022-04-26,289,121,871,1528,2742,3139
2022-04-27,244,115,795,1395,2487,2851
2022-04-28,229,100,745,1275,2313,2640
2022-04-29,220,104,681,1208,2202,2492
2022-04-30,200,108,647,1136,2179,2367
2022-05-01,193,111,641,1103,2137,2343
2022-05-02,194,112,624,1062,2082,2326
2022-05-03,181,116,547,993,1980,2260
2022-05-04,180,119,508,981,1952,2210
2022-05-05,185,122,493,949,1912,2152
2022-05-06,173,115,502,943,1880,2104
2022-05-07,177,109,474,956,1807,2064
2022-05-08,169,109,468,955,1796,2029
2022-05-09,159,105,462,945,1778,1986
2022-05-10,160,111,485,973,1794,1922
2022-05-11,170,113,492,948,1708,1873
2022-05-12,157,121,482,931,1685,1775
2022-05-13,154,125,469,882,1642,1740
2022-05-14,160,127,464,834,1606,1704
2022-05-15,157,122,464,822,1574,1685
2022-05-16,159,123,455,817,1561,1671
2022-05-17,150,119,446,786,1460,1595
2022-05-18,133,118,431,742,1433,1504
2022-05-19,128,114,429,708,1377,1466
2022-05-20,130,108,406,687,1303,1390
2022-05-21,120,97,400,649,1242,1344
2022-05-22,122,98,385,640,1251,1327
2022-05-23,120,93,385,641,1254,1309
2022-05-24,131,82,353,558,1215,1239
2022-05-25,122,68,338,537,1159,1146
2022-05-26,119,60,309,507,1087,1101
2022-05-27,107,51,275,447,934,935
2022-05-28,106,54,282,464,930,923
2022-05-29,104,52,281,455,889,899
2022-05-30,105,55,280,451,874,897
2022-05-31,84,54,295,484,838,857
2022-06-01,90,49,295,486,825,888
2022-06-02,92,44,322,505,833,887
2022-06-03,104,53,382,558,963,1011
2022-06-04,98,57,377,555,958,1043
2022-06-05,101,55,376,563,1000,1045
2022-06-06,97,53,378,560,1011,1056
2022-06-07,87,42,304,455,855,898
2022-06-08,103,58,379,536,1046,1126
2022-06-09,114,61,402,624,1142,1236
2022-06-10,121,61,426,686,1215,1318
2022-06-11,132,56,446,706,1274,1361
2022-06-12,131,56,459,708,1262,1390
2022-06-13,138,59,474,725,1275,1404
2022-06-14,185,78,615,921,1606,1712
2022-06-15,189,78,594,919,1531,1578
2022-06-16,184,75,604,895,1538,1597
2022-06-17,176,74,548,803,1445,1512
2022-06-18,191,83,591,875,1560,1623
2022-06-19,200,90,583,891,1587,1647
2022-06-20,206,89,584,894,1605,1690
2022-06-21,213,92,590,991,1791,1915
2022-06-22,215,90,636,1069,1917,2036
2022-06-23,229,102,676,1110,2025,2119
2022-06-24,254,111,769,1252,2203,2373
2022-06-25,269,109,788,1255,2184,2424
2022-06-26,271,108,807,1248,2199,2435
2022-06-27,271,113,806,1262,2221,2455
2022-06-28,294,119,849,1251,2267,2520
2022-06-29,304,123,850,1225,2336,2594
2022-06-30,308,122,844,1272,2364,2684
2022-07-01,308,120,841,1288,2422,2665
2022-07-02,311,121,836,1318,2482,2654
2022-07-03,300,118,829,1330,2492,2660
2022-07-04,301,117,836,1336,2497,2659
2022-07-05,284,125,803,1387,2533,2652
2022-07-06,281,129,775,1432,2538,2705
2022-07-07,284,138,778,1473,2632,2723
2022-07-08,296,143,774,1497,2699,2796
2022-07-09,291,146,760,1492,2737,2868
2022-07-10,299,147,759,1503,2741,2896
2022-07-11,303,150,758,1510,2764,2927
2022-07-12,321,145,822,1496,2951,3189
2022-07-13,337,148,836,1500,3020,3336
2022-07-14,352,140,864,1532,3061,3514
2022-07-15,366,144,877,1542,3200,3670
2022-07-16,367,144,906,1591,3337,3819
2022-07-17,368,144,915,1582,3355,3840
2022-07-18,368,139,922,1565,3357,3819
2022-07-19,366,136,900,1607,3296,3951
2022-07-20,386,133,934,1637,3365,4070
2022-07-21,383,135,932,1611,3427,4146
2022-07-22,383,137,966,1662,3469,4300
2022-07-23,391,135,942,1636,3462,4322
2022-07-24,391,135,942,1629,3492,4315
2022-07-25,394,139,935,1634,3505,4357
2022-07-26,406,139,966,1600,3638,4406
2022-07-27,371,129,926,1563,3679,4379
2022-07-28,373,129,900,1539,3627,4204
2022-07-29,359,111,829,1478,3497,3999
2022-07-30,355,108,819,1424,3391,3809
2022-07-31,353,104,801,1422,3347,3779
2022-08-01,349,97,802,1407,3304,3710
2022-08-02,331,82,729,1370,3150,3415
2022-08-03,330,83,718,1366,3027,3237
2022-08-04,339,72,696,1310,2919,3160
2022-08-05,322,76,706,1248,2853,3086
2022-08-06,305,74,689,1244,2811,3098
2022-08-07,307,79,698,1240,2786,3086
2022-08-08,298,82,695,1238,2780,3077
2022-08-09,291,83,666,1159,2589,2968
2022-08-10,283,78,630,1075,2448,2842
2022-08-11,258,85,611,1029,2400,2778
2022-08-12,254,88,576,1018,2324,2677
2022-08-13,254,88,552,984,2285,2648
2022-08-14,248,84,547,981,2272,2621
2022-08-15,247,82,541,979,2275,2616
2022-08-16,239,84,522,952,2224,2515
2022-08-17,239,81,548,970,2346,2559
2022-08-18,233,78,523,992,2305,2567
2022-08-19,245,77,535,992,2294,2578
2022-08-20,243,78,528,995,2239,2478
2022-08-21,243,81,520,992,2244,2492
2022-08-22,245,81,506,990,2209,2482
2022-08-23,239,84,487,992,2164,2440
2022-08-24,240,89,453,957,1958,2280
2022-08-25,226,81,439,931,1902,2195
2022-08-26,209,74,412,873,1837,2089
2022-08-27,203,72,415,841,1776,2025
2022-08-28,203,68,417,845,1750,2007
2022-08-29,202,67,416,836,1765,1988
2022-08-30,185,61,403,790,1732,1884
2022-08-31,171,57,394,758,1679,1810
2022-09-01,175,60,385,733,1657,1690
2022-09-02,171,55,367,723,1597,1622
2022-09-03,159,52,358,709,1559,1601
2022-09-04,153,52,355,700,1565,1593
2022-09-05,153,58,360,701,1565,1595
2022-09-06,151,65,355,716,1462,1552
2022-09-07,146,62,345,695,1470,1565
2022-09-08,154,63,366,667,1462,1626
2022-09-09,150,67,362,681,1472,1653
2022-09-10,166,68,345,673,1509,1654
2022-09-11,174,67,346,656,1492,1653
2022-09-12,173,62,338,664,1483,1644
2022-09-13,170,50,338,664,1564,1693
2022-09-14,164,49,348,683,1581,1705
2022-09-15,150,51,328,697,1600,1725
2022-09-16,147,59,347,710,1646,1770
2022-09-17,139,59,350,738,1659,1808
2022-09-18,133,60,352,755,1670,1829
2022-09-19,131,61,358,756,1667,1856
2022-09-20,136,71,397,782,1743,2007
2022-09-21,137,69,413,826,1812,2137
2022-09-22,153,67,430,889,1970,2313
2022-09-23,171,68,443,910,2115,2466
2022-09-24,167,72,479,941,2267,2644
2022-09-25,171,72,479,955,2330,2719
2022-09-26,177,70,482,961,2389,2798
2022-09-27,189,76,528,1113,2740,3265
2022-09-28,222,89,552,1278,3131,3658
2022-09-29,224,92,591,1371,3357,3969
2022-09-30,221,86,630,1486,3598,4293
2022-10-01,233,83,651,1559,3783,4605
2022-10-02,234,84,656,1574,3823,4647
2022-10-03,237,88,669,1597,3878,4706
2022-10-04,194,65,531,1306,3282,3957
2022-10-05,236,67,645,1537,4089,5167
2022-10-06,262,65,695,1767,4650,5829
2022-10-07,285,76,737,1923,5001,6331
2022-10-08,288,78,777,2053,5259,6605
2022-10-09,288,79,791,2072,5325,6673
2022-10-10,289,76,791,2081,5368,6737
2022-10-11,353,102,1004,2620,6729,8457
2022-10-12,313,97,953,2461,6336,7902
2022-10-13,313,98,965,2385,6243,7827
2022-10-14,303,91,953,2360,6264,7809
2022-10-15,321,88,943,2349,6334,7933
2022-10-16,320,86,943,2348,6345,7956
2022-10-17,321,88,951,2347,6352,7932
2022-10-18,315,89,923,2335,6464,8042
2022-10-19,332,96,917,2378,6508,8130
2022-10-20,313,98,877,2332,6282,7908
2022-10-21,305,99,847,2284,6146,7674
2022-10-22,285,101,862,2189,5968,7432
2022-10-23,288,102,847,2190,5914,7343
2022-10-24,281,103,827,2174,5870,7327
2022-10-25,284,104,763,2060,5463,6734
2022-10-26,249,94,714,1966,5117,6150
2022-10-27,231,96,682,1855,4929,5802
2022-10-28,232,88,651,1745,4698,5532
2022-10-29,220,87,574,1685,4491,5234
2022-10-30,211,90,564,1659,4423,5171
2022-10-31,208,85,566,1651,4370,5108
2022-11-01,179,66,496,1407,3637,4295
2022-11-02,177,65,448,1222,3287,3937
2022-11-03,178,60,464,1239,3293,3989
2022-11-04,173,65,473,1208,3192,3885
2022-11-05,177,68,488,1168,3110,3804
2022-11-06,176,65,503,1162,3110,3798
2022-11-07,173,65,495,1156,3081,3733
2022-11-08,181,65,528,1199,3240,3893
2022-11-09,177,58,519,1211,3206,3865
2022-11-10,173,50,474,1064,2948,3563
2022-11-11,162,48,433,1021,2797,3373
2022-11-12,147,44,400,1011,2743,3293
2022-11-13,147,42,379,997,2707,3248
2022-11-14,150,42,380,994,2693,3262
2022-11-15,132,36,358,957,2582,3167
2022-11-16,128,41,371,955,2515,3121
2022-11-17,134,43,371,967,2450,3020
2022-11-18,127,40,385,985,2438,3065
2022-11-19,143,43,396,982,2405,3035
2022-11-20,143,46,408,979,2410,3040
2022-11-21,141,48,409,973,2405,3006
2022-11-22,140,55,427,991,2499,3071
2022-11-23,134,61,418,1011,2577,3079
2022-11-24,120,62,418,1029,2609,3136
2022-11-25,122,61,410,1007,2662,3206
2022-11-26,109,57,408,1034,2724,3308
2022-11-27,111,56,408,1042,2730,3337
2022-11-28,114,56,421,1040,2764,3362
2022-11-29,125,61,440,1110,2871,3566
2022-11-30,130,55,470,1165,2949,3745
2022-12-01,130,59,487,1231,3047,3909
2022-12-02,135,58,515,1313,3124,3985
2022-12-03,145,56,532,1343,3159,4017
2022-12-04,143,55,533,1345,3164,4019
2022-12-05,142,52,526,1357,3196,4084
2022-12-06,139,50,523,1383,3317,4201
2022-12-07,142,49,512,1420,3453,4323
2022-12-08,153,42,501,1435,3548,4439
2022-12-09,149,47,513,1401,3638,4582
2022-12-10,148,45,518,1439,3777,4764
2022-12-11,148,47,514,1448,3820,4848
2022-12-12,153,48,515,1460,3825,4842
2022-12-13,159,44,541,1541,4038,5075
2022-12-14,162,45,570,1578,4170,5341
2022-12-15,160,53,592,1601,4294,5446
2022-12-16,166,46,588,1665,4402,5525
2022-12-17,165,45,589,1677,4449,5599
2022-12-18,168,47,605,1681,4456,5615
2022-12-19,158,47,604,1686,4473,5652
2022-12-20,158,52,612,1681,4567,5809
2022-12-21,150,56,639,1725,4792,5953
2022-12-22,155,59,658,1796,4921,6063
2022-12-23,157,63,674,1805,5003,6193
2022-12-24,165,66,678,1820,5040,6264
2022-12-25,167,61,670,1804,5031,6198
2022-12-26,173,60,670,1788,5006,6134
2022-12-27,132,43,524,1397,3902,4725
2022-12-28,169,44,523,1426,4004,4958
2022-12-29,189,41,517,1379,3919,4986
2022-12-30,202,39,505,1343,3816,4902
2022-12-31,193,41,492,1257,3666,4696
2023-01-01,193,42,492,1267,3637,4685
2023-01-02,189,44,490,1262,3594,4685
2023-01-03,221,54,609,1556,4432,5766
2023-01-04,187,46,561,1388,3926,5121
2023-01-05,166,39,537,1298,3684,4794
2023-01-06,155,39,515,1248,3487,4516
2023-01-07,151,34,494,1198,3275,4200
2023-01-08,148,37,488,1181,3236,4152
2023-01-09,147,37,483,1165,3209,4086
2023-01-10,153,41,467,1126,3026,3787
2023-01-11,147,39,455,1057,2813,3465
2023-01-12,139,38,422,973,2637,3206
2023-01-13,132,37,390,885,2491,2919
2023-01-14,131,43,382,882,2478,2886
2023-01-15,129,42,375,877,2473,2825
2023-01-16,131,44,371,869,2462,2789
2023-01-17,127,42,344,768,2170,2494
2023-01-18,129,46,308,723,2019,2318
2023-01-19,123,48,303,704,1897,2183
2023-01-20,120,49,302,705,1792,2142
2023-01-21,130,45,306,670,1703,2050
2023-01-22,134,45,304,658,1677,2059
2023-01-23,135,43,311,659,1659,2073
2023-01-24,130,51,310,644,1596,1942
2023-01-25,132,58,322,652,1627,1960
2023-01-26,139,62,326,638,1643,1953
2023-01-27,139,67,359,666,1694,1984
2023-01-28,136,76,358,700,1750,2064
2023-01-29,134,75,361,712,1753,2072
2023-01-30,130,78,361,717,1768,2088
2023-01-31,140,77,381,755,1828,2142
2023-02-01,144,69,405,790,1916,2189
2023-02-02,144,70,427,836,1970,2326
2023-02-03,142,69,419,865,2002,2322
2023-02-04,141,69,455,895,2077,2414
2023-02-05,142,68,457,907,2097,2431
2023-02-06,147,65,456,920,2108,2432
2023-02-07,165,65,464,979,2239,2626
2023-02-08,163,72,447,1020,2264,2731
2023-02-09,167,71,448,1050,2380,2781
2023-02-10,168,77,459,1070,2471,2916
2023-02-11,169,75,451,1085,2493,2934
2023-02-12,169,77,458,1085,2513,2967
2023-02-13,169,76,468,1090,2512,3014
2023-02-14,148,75,501,1153,2701,3207
2023-02-15,159,71,547,1219,2874,3348
2023-02-16,165,72,568,1273,3006,3530
2023-02-17,173,61,582,1307,3101,3632
2023-02-18,174,55,586,1331,3217,3781
2023-02-19,172,55,582,1322,3216,3803
2023-02-20,174,55,573,1328,3266,3845
2023-02-21,188,50,555,1322,3279,3797
2023-02-22,195,51,570,1303,3370,3990
2023-02-23,193,49,593,1352,3416,4071
2023-02-24,198,54,619,1348,3500,4106
2023-02-25,200,52,635,1362,3523,4076
2023-02-26,205,54,633,1376,3546,4082
2023-02-27,199,55,636,1376,3528,4053
2023-02-28,201,57,697,1425,3622,4222
2023-03-01,206,61,686,1456,3508,4062
2023-03-02,197,58,649,1385,3382,3886
2023-03-03,188,61,612,1343,3197,3783
2023-03-04,188,66,562,1284,3087,3716
2023-03-05,185,65,556,1261,3063,3679
2023-03-06,188,63,547,1246,3060,3633
2023-03-07,193,70,470,1144,2933,3545
2023-03-08,183,64,424,1044,2929,3549
2023-03-09,196,64,418,1013,2901,3506
2023-03-10,206,57,424,1017,2997,3635
2023-03-11,207,58,446,1036,3046,3719
2023-03-12,210,56,457,1053,3060,3732
2023-03-13,209,58,460,1056,3068,3760
2023-03-14,202,50,454,1088,3199,3939
2023-03-15,197,53,482,1168,3229,4020
2023-03-16,194,52,480,1166,3305,4163
2023-03-17,190,55,462,1169,3292,4163
2023-03-18,185,49,439,1169,3273,4155
2023-03-19,181,51,434,1155,3262,4177
2023-03-20,181,49,428,1143,3262,4161
2023-03-21,180,48,408,1104,3181,4092
2023-03-22,171,43,378,1036,3062,3981
2023-03-23,166,49,367,1014,3006,3842
2023-03-24,164,46,346,964,2910,3705
2023-03-25,163,47,336,906,2860,3589
2023-03-26,160,44,330,906,2830,3517
2023-03-27,157,45,328,909,2780,3502
2023-03-28,139,39,301,830,2591,3270
2023-03-29,140,36,279,740,2474,3055
2023-03-30,130,29,256,706,2312,2941
2023-03-31,122,29,236,696,2218,2775
2023-04-01,121,28,226,675,2115,2661
2023-04-02,122,28,224,667,2102,2666
2023-04-03,122,27,225,659,2098,2636
2023-04-04,115,31,227,620,1953,2400
2023-04-05,117,33,231,614,1892,2319
2023-04-06,118,35,221,566,1822,2184
2023-04-07,107,31,224,516,1731,2123
2023-04-08,91,27,206,447,1497,1831
2023-04-09,89,26,208,439,1496,1823
2023-04-10,90,26,209,438,1478,1818
2023-04-11,60,15,142,290,991,1213
2023-04-12,67,11,140,351,1272,1658
2023-04-13,68,7,140,369,1276,1703
2023-04-14,76,6,129,382,1270,1788
2023-04-15,83,8,136,440,1420,2005
2023-04-16,86,8,133,443,1411,1965
2023-04-17,89,8,127,437,1408,1943
2023-04-18,113,12,168,532,1728,2384
2023-04-19,91,13,140,431,1384,1851
2023-04-20,81,14,118,403,1336,1735
2023-04-21,77,15,108,396,1295,1603
2023-04-22,79,14,112,367,1271,1534
2023-04-23,78,15,109,364,1259,1525
2023-04-24,74,15,112,368,1250,1528
2023-04-25,72,21,99,346,1182,1459
2023-04-26,73,22,96,334,1120,1410
2023-04-27,78,20,98,338,1049,1373
2023-04-28,81,18,96,298,1016,1309
2023-04-29,74,18,86,302,984,1294
2023-04-30,73,17,89,301,989,1312
2023-05-01,74,18,87,298,990,1297
2023-05-02,52,11,60,223,718,893
2023-05-03,64,8,67,270,834,1068
2023-05-04,60,9,66,246,852,1098
2023-05-05,49,11,69,255,849,1115
2023-05-06,53,14,70,247,854,1108
2023-05-07,51,14,68,243,857,1092
2023-05-08,50,14,72,236,844,1086
2023-05-09,74,14,90,301,1057,1347
2023-05-10,56,13,79,233,910,1092
2023-05-11,53,10,76,226,862,988
2023-05-12,54,10,70,213,823,919
2023-05-13,47,7,68,209,792,893
2023-05-14,50,7,66,212,778,888
2023-05-15,48,6,63,213,784,872
2023-05-16,40,5,57,182,725,810
2023-05-17,40,5,45,173,647,768
2023-05-18,44,5,45,176,643,772
2023-05-19,40,3,38,152,546,670
2023-05-20,45,2,36,152,534,631
2023-05-21,42,2,36,149,529,635
2023-05-22,42,2,34,149,522,642
2023-05-23,38,4,36,153,547,647
2023-05-24,38,5,41,152,541,630
2023-05-25,31,5,37,135,513,623
2023-05-26,34,5,37,149,573,683
2023-05-27,27,5,36,139,549,648
2023-05-28,27,5,38,141,543,632
2023-05-29,29,5,39,139,539,621
2023-05-30,15,1,23,90,337,399
2023-05-31,23,1,26,90,385,431
2023-06-01,26,2,30,95,368,390
2023-06-02,26,2,34,102,366,381
2023-06-03,28,4,38,92,343,377
2023-06-04,29,4,36,88,345,374
2023-06-05,27,4,36,88,346,376
2023-06-06,31,7,45,109,446,481
2023-06-07,19,9,37,103,351,396
2023-06-08,17,8,33,93,336,371
2023-06-09,16,9,29,71,298,337
2023-06-10,17,7,27,80,305,329
2023-06-11,16,7,28,82,303,335
2023-06-12,17,7,28,86,307,336
2023-06-13,17,6,25,90,273,323
2023-06-14,15,4,25,82,271,317
2023-06-15,14,4,23,87,250,304
2023-06-16,15,5,24,91,276,317
2023-06-17,13,5,22,83,266,298
2023-06-18,13,5,21,81,261,297
2023-06-19,12,5,20,78,251,292
2023-06-20,10,5,25,66,238,264
2023-06-21,10,5,24,55,210,229
2023-06-22,14,5,22,48,211,221
2023-06-23,13,3,22,47,182,195
2023-06-24,12,3,22,46,162,184
2023-06-25,14,3,22,46,165,178
2023-06-26,14,3,22,45,166,179
2023-06-27,18,1,16,49,138,139
2023-06-28,19,1,14,49,132,135
2023-06-29,16,2,19,47,121,132
2023-06-30,15,2,18,46,115,139
2023-07-01,16,2,17,46,130,146
2023-07-02,14,2,17,48,130,145
2023-07-03,15,2,17,48,130,143
2023-07-04,11,4,18,37,121,137
2023-07-05,10,4,18,41,123,132
2023-07-06,8,3,15,35,119,128
2023-07-07,8,4,14,38,116,115
2023-07-08,7,4,15,35,97,107
2023-07-09,7,4,15,33,94,109
2023-07-10,7,4,15,33,91,109
2023-07-11,11,3,15,33,99,116
2023-07-12,13,2,18,38,102,126
2023-07-13,15,3,20,41,102,124
2023-07-14,17,2,24,43,103,130
2023-07-15,17,2,24,44,114,134
2023-07-16,17,2,24,45,116,134
2023-07-17,16,2,24,45,120,132
2023-07-18,21,3,18,51,130,149
2023-07-19,20,3,18,41,132,142
2023-07-20,21,2,17,41,133,137
2023-07-21,19,2,16,40,137,140
2023-07-22,20,3,14,37,140,140
2023-07-23,20,3,14,37,140,145
2023-07-24,21,3,15,39,138,146
2023-07-25,16,2,19,37,145,159
2023-07-26,16,2,18,43,151,179
2023-07-27,17,2,16,45,159,198
2023-07-28,18,3,16,54,159,212
2023-07-29,19,2,20,60,158,212
2023-07-30,19,2,21,66,160,213
2023-07-31,19,2,21,67,158,215
2023-08-01,30,2,27,77,164,216
2023-08-02,33,2,32,82,185,219
2023-08-03,30,3,31,90,194,219
2023-08-04,29,2,30,87,201,209
2023-08-05,29,4,28,86,217,217
2023-08-06,29,4,28,79,219,213
2023-08-07,28,4,28,80,222,215
2023-08-08,15,5,26,82,237,233
2023-08-09,16,7,25,84,236,256
2023-08-10,24,6,30,81,242,272
2023-08-11,32,7,33,84,263,298
2023-08-12,32,5,37,90,267,325
2023-08-13,32,5,36,91,266,329
2023-08-14,33,5,38,88,267,338
2023-08-15,49,5,43,113,299,431
2023-08-16,52,5,42,124,322,447
2023-08-17,48,9,44,142,374,492
2023-08-18,48,11,50,150,399,546
2023-08-19,51,12,55,152,422,576
2023-08-20,55,12,57,155,428,581
2023-08-21,56,12,54,157,436,576
2023-08-22,61,12,65,174,496,585
2023-08-23,72,11,75,189,523,656
2023-08-24,76,9,83,185,511,664
2023-08-25,85,7,83,192,510,670
2023-08-26,91,12,83,207,526,675
2023-08-27,89,12,82,206,523,677
2023-08-28,87,12,84,205,513,681
2023-08-29,83,15,93,194,508,702
2023-08-30,73,14,90,188,522,646
2023-08-31,77,15,98,190,530,647
2023-09-01,65,20,98,190,536,642
2023-09-02,65,14,94,184,549,645
2023-09-03,63,14,94,183,545,648
2023-09-04,64,14,92,182,552,656
2023-09-05,65,11,101,180,552,668
2023-09-06,69,13,110,196,593,722
2023-09-07,73,11,111,206,624,774
2023-09-08,85,9,120,207,683,845
2023-09-09,89,9,137,222,704,920
2023-09-10,91,9,137,223,715,915
2023-09-11,93,9,138,225,715,913
2023-09-12,109,13,138,253,788,1013
2023-09-13,116,13,132,254,809,1056
2023-09-14,109,14,136,253,798,1049
2023-09-15,108,12,137,260,777,996
2023-09-16,104,14,127,244,775,942
2023-09-17,103,15,131,247,777,953
2023-09-18,100,15,131,251,781,951
2023-09-19,94,14,118,260,799,906
2023-09-20,88,14,118,271,781,911
2023-09-21,84,16,97,269,773,927
2023-09-22,84,16,88,266,790,977
2023-09-23,83,16,84,273,785,996
2023-09-24,83,15,79,271,782,989
2023-09-25,89,15,79,267,777,987
2023-09-26,74,13,68,243,804,1019
2023-09-27,73,14,76,226,815,1041
2023-09-28,82,12,84,221,841,1052
2023-09-29,77,13,80,239,864,1072
2023-09-30,83,14,82,249,877,1119
2023-10-01,85,14,82,248,878,1133
2023-10-02,80,14,84,248,880,1146
2023-10-03,96,13,109,278,941,1196
2023-10-04,83,11,84,234,802,1008
2023-10-05,104,12,104,290,1008,1258
2023-10-06,106,12,119,292,1074,1358
2023-10-07,109,11,124,300,1127,1430
2023-10-08,109,11,126,303,1134,1430
2023-10-09,113,11,125,311,1148,1433
2023-10-10,124,13,122,317,1203,1604
2023-10-11,150,12,159,397,1426,1895
2023-10-12,133,11,143,373,1322,1756
2023-10-13,143,10,147,371,1322,1748
2023-10-14,131,10,153,387,1375,1775
2023-10-15,133,10,154,387,1383,1780
2023-10-16,129,10,154,380,1393,1782
2023-10-17,134,10,158,404,1456,1887
2023-10-18,133,10,156,403,1463,1931
2023-10-19,143,9,164,418,1472,1951
2023-10-20,144,7,158,432,1499,2025
2023-10-21,149,7,163,437,1525,2068
2023-10-22,146,7,163,441,1532,2074
2023-10-23,150,9,165,450,1536,2107
2023-10-24,165,12,191,508,1749,2441
2023-10-25,172,16,205,586,1927,2620
2023-10-26,161,18,207,613,2085,2874
2023-10-27,161,23,223,648,2280,3010
2023-10-28,176,26,218,675,2370,3126
2023-10-29,178,26,219,674,2370,3131
2023-10-30,176,25,218,673,2384,3120
2023-10-31,177,27,212,693,2436,3187
2023-11-01,168,30,194,645,2335,3135
2023-11-02,172,34,208,659,2333,3134
2023-11-03,192,36,227,742,2430,3387
2023-11-04,204,36,253,757,2452,3418
2023-11-05,208,38,256,762,2446,3433
2023-11-06,210,38,257,764,2434,3432
2023-11-07,228,38,253,828,2620,3507
2023-11-08,234,34,248,818,2668,3511
2023-11-09,259,36,250,846,2785,3659
2023-11-10,252,34,253,763,2720,3505
2023-11-11,243,32,229,743,2714,3479
2023-11-12,241,30,224,737,2742,3494
2023-11-13,240,31,223,727,2742,3509
2023-11-14,218,34,225,689,2642,3468
2023-11-15,220,37,245,734,2749,3617
2023-11-16,218,34,239,723,2666,3464
2023-11-17,222,37,221,770,2663,3457
2023-11-18,234,36,229,798,2688,3468
2023-11-19,234,36,234,805,2677,3440
2023-11-20,232,34,235,815,2680,3429
2023-11-21,252,38,263,857,2825,3575
2023-11-22,263,46,296,894,2962,3724
2023-11-23,259,47,328,924,2976,3728
2023-11-24,256,49,325,912,2907,3699
2023-11-25,243,54,336,937,2920,3737
2023-11-26,248,54,334,942,2914,3754
2023-11-27,251,54,337,943,2914,3762
2023-11-28,258,54,341,928,2901,3671
2023-11-29,271,53,331,940,2850,3633
2023-11-30,272,52,309,917,2933,3673
2023-12-01,275,51,309,878,3015,3709
2023-12-02,288,54,313,853,2998,3768
2023-12-03,284,56,315,849,2997,3758
2023-12-04,281,56,315,843,3001,3748
2023-12-05,263,54,329,826,2966,3672
2023-12-06,272,46,341,841,3108,3742
2023-12-07,273,49,352,907,3199,3833
2023-12-08,285,46,374,1024,3285,3975
2023-12-09,295,42,390,1090,3457,4038
2023-12-10,296,40,391,1087,3479,4064
2023-12-11,301,40,395,1095,3495,4086
2023-12-12,352,53,411,1257,3781,4564
2023-12-13,336,56,415,1295,3784,4691
2023-12-14,356,58,430,1288,3854,4786
2023-12-15,353,60,446,1283,3867,4833
2023-12-16,355,63,438,1242,3877,4864
2023-12-17,349,63,439,1251,3869,4863
2023-12-18,354,64,438,1253,3848,4857
2023-12-19,344,61,437,1191,3814,4651
2023-12-20,352,63,441,1162,3783,4550
2023-12-21,345,62,418,1135,3644,4473
2023-12-22,342,68,409,1089,3554,4303
2023-12-23,329,66,403,1104,3367,4137
2023-12-24,336,66,399,1097,3357,4138
2023-12-25,329,65,390,1081,3351,4114
2023-12-26,233,42,269,753,2257,2885
2023-12-27,184,32,183,541,1607,2083
2023-12-28,236,40,243,719,2136,2790
2023-12-29,240,35,216,719,2125,2831
2023-12-30,245,41,206,652,2103,2834
2023-12-31,247,42,204,657,2096,2814
2024-01-01,251,42,206,664,2103,2832
2024-01-02,243,42,209,665,2095,2806
2024-01-03,356,52,293,939,2969,3959
2024-01-04,289,40,235,719,2282,3114
2024-01-05,268,37,228,656,2091,2849
2024-01-06,243,31,209,629,1952,2636
2024-01-07,237,33,207,612,1932,2589
2024-01-08,232,33,206,612,1907,2546
2024-01-09,270,40,239,707,2251,2985
2024-01-10,175,33,171,498,1600,2027
2024-01-11,162,36,143,431,1430,1671
2024-01-12,165,32,133,389,1298,1508
2024-01-13,154,26,126,368,1216,1394
2024-01-14,151,23,127,377,1210,1403
2024-01-15,149,23,125,371,1201,1392
2024-01-16,143,21,123,357,1102,1283
2024-01-17,141,21,118,325,1018,1235
2024-01-18,127,15,108,290,929,1186
2024-01-19,116,16,102,280,884,1129
2024-01-20,114,17,105,282,857,1120
2024-01-21,115,18,103,272,856,1108
2024-01-22,116,19,105,269,859,1115
2024-01-23,108,22,105,256,806,997
2024-01-24,105,26,108,264,769,951
2024-01-25,107,27,102,281,744,912
2024-01-26,99,27,106,259,750,870
2024-01-27,99,28,93,254,730,844
2024-01-28,98,27,93,255,726,842
2024-01-29,97,27,91,254,725,835
2024-01-30,88,22,72,245,708,836
2024-01-31,86,18,69,238,683,810
2024-02-01,83,19,67,223,686,811
2024-02-02,85,20,50,236,673,807
2024-02-03,86,19,48,220,702,777
2024-02-04,85,19,48,221,707,776
2024-02-05,85,18,49,222,701,774
2024-02-06,85,24,51,211,657,734
2024-02-07,80,24,42,200,637,719
2024-02-08,71,21,46,191,608,700
2024-02-09,62,19,50,175,567,656
2024-02-10,59,17,55,175,524,651
2024-02-11,59,17,57,176,516,660
2024-02-12,58,17,57,175,516,659
2024-02-13,50,10,47,155,450,551
2024-02-14,50,10,57,155,439,547
2024-02-15,53,11,51,159,426,515
2024-02-16,55,10,56,149,410,499
2024-02-17,52,14,56,139,392,482
2024-02-18,51,14,54,136,397,471
2024-02-19,53,16,53,137,396,468
2024-02-20,52,17,54,135,379,486
2024-02-21,46,14,46,120,356,440
2024-02-22,39,13,43,104,330,412
2024-02-23,30,12,31,113,318,400
2024-02-24,32,8,24,105,303,370
2024-02-25,32,8,25,104,296,368
2024-02-26,29,6,25,104,297,365
2024-02-27,23,4,19,87,269,309
2024-02-28,20,7,16,89,247,292
2024-02-29,21,5,14,93,241,284
2024-03-01,25,5,18,75,242,268
2024-03-02,21,6,19,77,219,260
2024-03-03,21,6,18,76,218,261
2024-03-04,21,6,18,75,216,260
2024-03-05,23,6,19,67,220,235
2024-03-06,23,4,18,58,223,228
2024-03-07,24,4,23,53,225,221
2024-03-08,22,4,22,55,201,212
2024-03-09,21,4,22,55,218,212
2024-03-10,21,4,22,56,220,211
2024-03-11,22,4,23,56,218,213
2024-03-12,21,3,24,56,198,206
2024-03-13,18,3,24,54,183,193
2024-03-14,17,3,21,50,172,183
2024-03-15,18,3,21,48,176,181
2024-03-16,20,3,22,44,165,178
2024-03-17,20,3,22,43,161,174
2024-03-18,19,3,21,44,164,170
2024-03-19,15,3,16,52,147,170
2024-03-20,14,2,17,51,143,165
2024-03-21,13,2,16,47,149,154
2024-03-22,10,2,12,42,144,148
2024-03-23,7,2,11,44,136,136
2024-03-24,7,2,11,46,138,140
2024-03-25,7,2,12,45,134,140
2024-03-26,9,1,17,46,132,124
2024-03-27,8,1,14,42,125,129
2024-03-28,7,1,15,43,112,142
2024-03-29,6,1,18,43,113,154
2024-03-30,6,0,16,35,99,140
2024-03-31,6,0,16,35,99,136
2024-04-01,6,0,15,36,102,139
2024-04-02,0,0,8,14,69,98
2024-04-03,4,1,13,20,99,131
2024-04-04,6,2,12,23,91,127
2024-04-05,8,2,11,26,96,118
2024-04-06,9,2,12,30,103,133
2024-04-07,9,2,12,29,102,134
2024-04-08,10,2,12,28,100,134
2024-04-09,11,3,13,38,125,176
2024-04-10,9,2,7,29,91,133
2024-04-11,9,2,6,27,97,124
2024-04-12,10,2,5,24,90,113
2024-04-13,10,2,5,26,97,103
2024-04-14,10,2,5,25,97,101
2024-04-15,9,2,5,25,96,100
2024-04-16,9,2,7,20,89,80
2024-04-17,8,2,12,22,78,73
2024-04-18,7,2,11,21,71,70
2024-04-19,5,2,13,24,71,68
2024-04-20,8,2,14,25,64,66
2024-04-21,8,2,14,25,63,66
2024-04-22,8,2,14,25,63,64
2024-04-23,7,1,14,27,61,70
2024-04-24,8,1,12,30,68,77
2024-04-25,8,1,12,31,69,73
2024-04-26,9,3,10,34,75,77
2024-04-27,5,3,12,34,84,92
2024-04-28,5,3,12,35,85,92
2024-04-29,5,3,12,36,85,92
2024-04-30,14,5,16,56,100,129
2024-05-01,12,8,16,55,117,143
2024-05-02,11,7,15,49,108,138
2024-05-03,13,5,17,52,108,156
2024-05-04,15,5,18,52,102,157
2024-05-05,15,5,20,51,102,158
2024-05-06,15,5,20,50,104,160
2024-05-07,16,5,19,40,113,152
2024-05-08,16,4,20,43,103,138
2024-05-09,18,4,23,49,118,148
2024-05-10,14,4,20,38,97,116
2024-05-11,17,4,17,40,108,118
2024-05-12,17,4,15,41,108,117
2024-05-13,17,4,15,41,107,118
2024-05-14,11,3,17,48,113,121
2024-05-15,16,1,17,51,124,151
2024-05-16,14,2,16,51,122,156
2024-05-17,16,2,19,56,135,176
2024-05-18,13,3,19,52,133,165
2024-05-19,13,3,19,51,134,168
2024-05-20,13,3,19,51,135,166
2024-05-21,10,2,11,27,86,106
2024-05-22,8,3,8,36,91,115
2024-05-23,10,2,10,38,94,121
2024-05-24,13,3,8,35,97,120
2024-05-25,13,2,6,36,86,121
2024-05-26,13,2,6,38,87,119
2024-05-27,13,2,6,38,85,119
2024-05-28,20,2,10,56,108,157
2024-05-29,19,1,12,43,96,119
2024-05-30,23,1,10,40,103,114
2024-05-31,18,0,10,39,88,100
2024-06-01,21,1,11,40,106,112
2024-06-02,21,1,12,38,104,113
2024-06-03,22,1,12,38,105,113
2024-06-04,23,2,12,35,131,122
2024-06-05,23,2,17,30,133,123
2024-06-06,18,2,17,33,130,134
2024-06-07,24,2,18,40,146,149
2024-06-08,21,3,24,38,139,156
2024-06-09,21,3,23,38,138,156
2024-06-10,20,3,24,38,139,158
2024-06-11,24,3,31,39,139,170
2024-06-12,26,3,30,53,149,196
2024-06-13,32,4,33,60,160,207
2024-06-14,30,4,34,63,185,223
2024-06-15,31,3,31,70,198,226
2024-06-16,31,3,31,70,201,228
2024-06-17,31,3,30,74,200,229
2024-06-18,32,3,34,87,248,260
2024-06-19,34,3,34,99,275,281
2024-06-20,35,4,43,102,301,292
2024-06-21,39,5,50,116,326,315
2024-06-22,49,4,53,123,341,347
2024-06-23,51,4,53,124,341,355
2024-06-24,51,4,55,121,346,357
2024-06-25,50,4,56,130,370,421
2024-06-26,56,7,59,123,380,472
2024-06-27,59,8,53,126,389,488
2024-06-28,66,8,49,122,401,524
2024-06-29,69,9,54,128,427,521
2024-06-30,67,10,54,127,426,516
2024-07-01,68,10,53,128,421,514
2024-07-02,86,12,58,128,433,538
2024-07-03,88,12,53,130,450,512
2024-07-04,89,9,56,132,463,530
2024-07-05,82,8,60,127,449,523
2024-07-06,74,8,56,126,426,522
2024-07-07,74,8,56,127,430,525
2024-07-08,77,8,55,127,434,526
2024-07-09,77,9,57,144,459,540
2024-07-10,69,12,66,156,458,558
2024-07-11,71,13,74,173,485,571
2024-07-12,76,15,81,185,508,598
2024-07-13,80,15,82,191,542,652
2024-07-14,83,16,83,190,546,649
2024-07-15,80,16,84,189,545,652
2024-07-16,87,14,92,194,568,688
2024-07-17,92,10,98,198,589,682
2024-07-18,91,11,89,185,586,658
2024-07-19,89,11,91,192,576,672
2024-07-20,89,13,99,179,565,646
2024-07-21,86,11,98,180,557,651
2024-07-22,86,11,99,180,559,650
2024-07-23,88,16,102,184,555,642
2024-07-24,94,17,103,191,547,702
2024-07-25,98,16,102,195,523,728
2024-07-26,102,17,95,192,518,710
2024-07-27,106,15,86,201,507,690
2024-07-28,108,15,87,202,508,687
2024-07-29,109,15,87,203,511,691
2024-07-30,101,10,75,198,493,664
2024-07-31,98,10,67,183,494,608
2024-08-01,91,11,68,172,483,595
2024-08-02,88,11,70,160,490,592
2024-08-03,78,13,74,161,503,611
2024-08-04,76,13,75,161,505,611
2024-08-05,75,14,73,160,498,608
2024-08-06,70,17,79,163,506,622
2024-08-07,77,17,83,166,487,631
2024-08-08,81,19,85,169,504,648
2024-08-09,87,17,81,170,506,633
2024-08-10,94,14,80,162,484,629
2024-08-11,96,15,79,160,485,626
2024-08-12,96,14,81,161,486,621
2024-08-13,104,17,75,163,502,587
2024-08-14,106,17,73,149,503,581
2024-08-15,104,15,79,155,501,583
2024-08-16,99,14,74,168,499,575
2024-08-17,101,14,72,178,518,579
2024-08-18,100,13,73,180,519,578
2024-08-19,99,13,71,178,521,580
2024-08-20,98,13,69,178,489,600
2024-08-21,95,14,69,199,494,615
2024-08-22,97,15,63,206,495,608
2024-08-23,102,15,77,206,489,603
2024-08-24,97,15,77,203,489,592
2024-08-25,98,15,76,201,487,595
2024-08-26,99,15,78,204,489,593
2024-08-27,113,14,89,182,508,621
2024-08-28,117,11,91,176,510,605
2024-08-29,131,15,97,173,517,632
2024-08-30,128,19,99,169,537,680
2024-08-31,132,23,102,170,540,715
2024-09-01,130,23,103,172,540,712
2024-09-02,131,24,101,170,542,716
2024-09-03,132,22,109,179,578,741
2024-09-04,140,23,106,185,606,807
2024-09-05,125,19,97,191,618,835
2024-09-06,130,18,94,215,649,833
2024-09-07,126,17,97,218,650,820
2024-09-08,131,18,96,219,660,827
2024-09-09,131,17,96,221,655,832
2024-09-10,125,14,94,253,645,849
2024-09-11,109,17,97,250,630,839
2024-09-12,110,19,100,239,623,804
2024-09-13,107,18,101,207,589,782
2024-09-14,114,20,97,202,594,790
2024-09-15,111,19,97,202,590,784
2024-09-16,112,19,97,202,593,786
2024-09-17,112,26,96,179,613,809
2024-09-18,117,21,106,195,654,818
2024-09-19,129,17,121,213,688,901
2024-09-20,138,16,119,221,723,985
2024-09-21,142,16,121,236,749,1058
2024-09-22,141,16,122,238,748,1072
2024-09-23,138,17,123,240,753,1083
2024-09-24,147,11,122,276,908,1294
2024-09-25,150,18,122,284,993,1367
2024-09-26,149,26,122,276,1035,1417
2024-09-27,149,26,116,298,1060,1423
2024-09-28,139,28,119,300,1110,1434
2024-09-29,138,28,118,299,1113,1428
2024-09-30,144,27,119,294,1107,1422
2024-10-01,128,28,119,279,1056,1367
2024-10-02,123,24,110,286,1030,1380
2024-10-03,122,17,94,291,1027,1336
2024-10-04,99,16,84,242,889,1163
2024-10-05,113,13,86,247,967,1244
2024-10-06,114,14,88,245,971,1244
2024-10-07,109,14,89,249,980,1249
2024-10-08,118,19,87,291,1140,1500
2024-10-09,116,22,96,298,1252,1664
2024-10-10,117,23,100,341,1351,1839
2024-10-11,126,25,121,406,1574,2178
2024-10-12,119,25,115,422,1578,2214
2024-10-13,119,24,112,423,1581,2226
2024-10-14,118,24,110,424,1583,2226
2024-10-15,111,20,104,445,1616,2264
2024-10-16,113,22,96,427,1561,2214
2024-10-17,104,22,99,392,1554,2156
2024-10-18,124,27,107,390,1604,2157
2024-10-19,125,27,113,372,1610,2160
2024-10-20,126,27,114,372,1611,2159
2024-10-21,129,27,113,375,1609,2175
2024-10-22,137,26,116,348,1641,2208
2024-10-23,144,22,118,398,1721,2296
2024-10-24,151,20,124,410,1700,2339
2024-10-25,143,13,105,409,1660,2355
2024-10-26,143,13,104,414,1624,2307
2024-10-27,142,13,104,413,1624,2311
2024-10-28,140,15,105,409,1627,2289
2024-10-29,145,20,96,390,1553,2145
2024-10-30,140,17,92,348,1472,2054
2024-10-31,134,21,78,345,1438,1965
2024-11-01,125,25,72,312,1332,1750
2024-11-02,115,22,67,287,1239,1648
2024-11-03,117,22,66,289,1237,1642
2024-11-04,117,21,66,287,1233,1640
2024-11-05,112,15,74,301,1238,1590
2024-11-06,114,17,68,287,1170,1484
2024-11-07,108,14,75,271,1129,1409
2024-11-08,108,13,82,274,1157,1505
2024-11-09,119,15,83,276,1191,1579
2024-11-10,119,15,84,274,1188,1571
2024-11-11,121,14,83,274,1183,1569
2024-11-12,100,20,80,255,1080,1431
2024-11-13,93,21,82,255,1120,1450
2024-11-14,99,21,80,253,1130,1465
2024-11-15,89,23,82,263,1142,1435
2024-11-16,80,24,90,280,1154,1389
2024-11-17,78,24,91,284,1154,1393
2024-11-18,76,25,91,285,1156,1392
2024-11-19,88,21,104,287,1156,1427
2024-11-20,90,18,108,286,1134,1389
2024-11-21,89,25,104,294,1128,1422
2024-11-22,100,24,108,300,1127,1417
2024-11-23,112,24,102,293,1160,1432
2024-11-24,115,24,102,290,1158,1431
2024-11-25,118,24,104,288,1162,1435
2024-11-26,122,24,102,293,1200,1444
2024-11-27,127,26,99,310,1215,1459
2024-11-28,129,19,105,311,1277,1511
2024-11-29,128,21,99,314,1260,1506
2024-11-30,116,20,90,307,1201,1485
2024-12-01,114,21,89,307,1200,1478
2024-12-02,112,20,87,308,1196,1477
2024-12-03,102,19,73,280,1092,1423
2024-12-04,93,18,75,264,1050,1426
2024-12-05,87,18,75,255,1004,1333
2024-12-06,86,13,75,239,1016,1322
2024-12-07,82,12,79,232,1002,1316
2024-12-08,82,11,79,230,995,1317
2024-12-09,83,11,80,231,990,1310
2024-12-10,88,8,77,225,988,1311
2024-12-11,90,8,75,233,1014,1275
2024-12-12,87,8,65,231,964,1234
2024-12-13,83,12,66,227,965,1220
2024-12-14,92,13,65,243,949,1179
2024-12-15,91,13,64,244,957,1182
2024-12-16,90,13,64,245,954,1189
2024-12-17,71,15,58,255,949,1123
2024-12-18,68,16,59,230,918,1109
2024-12-19,72,16,64,229,934,1111
2024-12-20,81,14,65,228,899,1089
2024-12-21,80,14,62,217,904,1053
2024-12-22,80,14,63,216,905,1051
2024-12-23,79,14,62,213,908,1048
2024-12-24,86,15,58,174,835,970
2024-12-25,75,12,45,140,665,761
2024-12-26,64,10,33,103,518,608
2024-12-27,46,7,23,70,389,459
2024-12-28,51,5,27,90,488,641
2024-12-29,50,5,27,93,487,640
2024-12-30,53,5,28,94,494,647
2024-12-31,61,3,36,113,498,677
2025-01-01,59,3,34,113,507,688
2025-01-02,58,3,34,112,510,684
2025-01-03,79,4,59,190,751,1023
2025-01-04,70,3,58,168,657,869
2025-01-05,70,3,57,167,650,867
2025-01-06,67,3,57,166,645,855
2025-01-07,52,2,56,142,552,734
2025-01-08,62,4,73,172,682,897
2025-01-09,72,6,78,192,762,1030
2025-01-10,56,6,55,134,585,751
2025-01-11,51,9,55,133,522,687
2025-01-12,52,9,56,130,518,683
2025-01-13,52,10,55,130,515,681
2025-01-14,46,11,47,130,531,651
2025-01-15,43,9,37,118,461,587
2025-01-16,38,7,36,121,440,529
2025-01-17,36,8,40,113,428,523
2025-01-18,33,5,36,103,427,519
2025-01-19,32,5,35,104,429,518
2025-01-20,31,4,35,105,427,517
2025-01-21,34,4,36,104,377,512
2025-01-22,32,7,35,109,388,503
2025-01-23,34,10,34,104,389,473
2025-01-24,34,8,28,113,393,476
2025-01-25,36,11,27,112,390,477
2025-01-26,36,11,27,113,388,475
2025-01-27,37,11,27,113,386,475
2025-01-28,34,12,21,115,407,467
2025-01-29,34,10,20,113,390,446
2025-01-30,31,10,24,115,399,461
2025-01-31,30,14,27,114,404,459
2025-02-01,29,12,28,115,410,456
2025-02-02,29,12,28,113,410,460
2025-02-03,31,12,28,113,413,459
2025-02-04,28,14,31,109,397,427
2025-02-05,27,15,29,107,371,397
2025-02-06,27,12,25,95,339,364
2025-02-07,33,8,21,81,324,339
2025-02-08,33,7,18,80,304,315
2025-02-09,34,7,18,81,304,315
2025-02-10,33,7,18,80,302,314
2025-02-11,32,5,19,77,275,299
2025-02-12,32,6,19,68,280,294
2025-02-13,30,9,20,71,263,303
2025-02-14,26,9,20,76,248,300
2025-02-15,23,9,19,73,242,312
2025-02-16,23,9,19,72,241,306
2025-02-17,21,9,19,74,240,308
2025-02-18,20,8,15,68,232,311
2025-02-19,20,6,16,72,235,309
2025-02-20,18,4,17,72,252,295
2025-02-21,15,4,16,75,244,304
2025-02-22,18,7,16,71,230,300
2025-02-23,17,7,16,71,233,299
2025-02-24,18,7,16,68,232,295
2025-02-25,26,8,17,65,220,280
2025-02-26,28,8,15,65,209,287
2025-02-27,29,8,15,64,193,294
2025-02-28,29,9,16,53,198,273
2025-03-01,28,6,17,55,202,253
2025-03-02,28,6,17,56,199,253
2025-03-03,27,6,17,56,199,256
2025-03-04,16,5,18,50,183,231
2025-03-05,12,4,18,48,169,203
2025-03-06,10,3,14,44,166,193
2025-03-07,9,4,11,47,140,186
2025-03-08,8,5,9,41,142,189
2025-03-09,8,5,9,40,141,189
2025-03-10,8,5,9,40,142,187
2025-03-11,13,4,5,38,146,164
2025-03-12,12,5,4,32,142,166
2025-03-13,14,5,4,32,144,160
2025-03-14,18,4,4,28,156,153
2025-03-15,19,4,8,28,147,144
2025-03-16,19,4,8,28,147,144
2025-03-17,20,4,8,28,147,143
2025-03-18,15,5,16,39,139,143
2025-03-19,18,5,18,35,129,126
2025-03-20,19,5,20,32,127,114
2025-03-21,17,5,23,32,123,111
2025-03-22,15,5,20,34,122,121
2025-03-23,15,5,20,34,125,122
2025-03-24,14,5,20,35,125,122
2025-03-25,14,6,13,32,129,128
2025-03-26,14,5,10,35,138,140
2025-03-27,13,5,8,38,125,145
2025-03-28,13,4,5,40,118,141
2025-03-29,12,4,4,39,122,134
2025-03-30,13,4,4,39,118,136
2025-03-31,14,4,4,38,117,135
2025-04-01,14,2,4,28,96,125
2025-04-02,12,2,4,25,92,115
2025-04-03,10,3,4,20,96,110
2025-04-04,7,3,4,22,93,111
2025-04-05,7,2,5,20,82,97
2025-04-06,6,2,5,21,82,96
2025-04-07,5,2,5,22,82,97
2025-04-08,2,1,6,23,82,96
2025-04-09,4,1,6,24,77,97
2025-04-10,4,0,8,24,68,87
